monthlycountrydis.site	monthlycountrydis.country	monthlycountrydis.dvisits	monthlycountrydis.dusers	monthlycountrydis.mvisits	monthlycountrydis.musers	monthlycountrydis.year	monthlycountrydis.month
brit.co*	203	6686.212941096445	6518.386365466188	10109.670269257098	3662.3210335066015	17	1
brit.co*	170	8578.3407130402	8111.3027483941	4261.976526388603	1750.9012930625602	17	1
brit.co*	458	7882.459947433302	7774.490240136863	24917.429019204075	11827.253003000667	17	1
brit.co*	554	15986.80182119991	15441.997601382349	31062.836185501055	15247.144761463362	17	1
brit.co*	586	4166.511380355434	4052.7274684823674	0.0	0.0	17	1
brit.co*	682	3357.2224030331317	3143.502467761383	8174.409492833131	4140.705524136924	17	1
brit.co*	233	1836.8674454179597	1798.9728058180247	0.0	0.0	17	1
brit.co*	585	175.28530745860397	175.28530745860397	0.0	0.0	17	1
brit.co*	8	258.91766384034656	258.91766384034656	0.0	0.0	17	1
brit.co*	40	4719.970389820572	4642.623488219684	5913.25170451494	2669.4353708446915	17	1
brit.co*	72	1402.273328086406	1348.7943782823124	0.0	0.0	17	1
brit.co*	104	138.16766313090463	138.16766313090463	0.0	0.0	17	1
brit.co*	136	441.25942033255046	441.25942033255046	0.0	0.0	17	1
brit.co*	360	7437.508390395675	7246.863993434581	35477.81717674891	18575.955661222088	17	1
brit.co*	392	10783.279526687627	10523.94415427559	10523.512574151933	5813.955735862756	17	1
brit.co*	616	16119.804904586774	15690.84959731466	9418.544333649723	4887.32019510701	17	1
brit.co*	840	1318572.956963783	1247755.8088331176	1264556.0537997044	1046073.1028110062	17	1
brit.co*	807	959.9325994429146	959.9325994429146	8079.844279525975	3753.439822951053	17	1
brit.co*	70	572.4082167223282	572.4082167223282	0.0	0.0	17	1
brit.co*	422	1525.3849329816353	1417.5987901323906	0.0	0.0	17	1
brit.co*	454	236.46987288145075	236.46987288145075	0.0	0.0	17	1
brit.co*	710	22338.51937660673	21523.337208091532	52494.107736535494	26436.983748096503	17	1
brit.co*	4	65.87524587845145	65.87524587845145	0.0	0.0	17	1
brit.co*	36	64028.02117531679	62228.59020297294	112484.87938452857	56160.879800705225	17	1
brit.co*	68	395.7357672352871	336.8080653839807	0.0	0.0	17	1
brit.co*	100	5134.752571875751	4911.904579134606	10920.187957568804	5897.355454652985	17	1
brit.co*	196	1512.9487479319162	1512.9487479319162	0.0	0.0	17	1
brit.co*	356	31376.22827515645	30316.366296813	89759.01227303279	59548.06536691727	17	1
brit.co*	388	1130.994203773483	1080.9089288572625	0.0	0.0	17	1
brit.co*	484	14952.877396314856	14453.66162688693	11117.617100260679	5395.4965659365525	17	1
brit.co*	516	434.134660539999	434.134660539999	0.0	0.0	17	1
brit.co*	580	190.37057655752784	190.37057655752784	0.0	0.0	17	1
brit.co*	740	762.6682409263777	762.6682409263777	0.0	0.0	17	1
brit.co*	804	3959.5575102066264	3921.755350430932	1734.4206314486114	618.8167770575874	17	1
brit.co*	643	10116.085073236414	9303.016950755731	10174.810493467074	5116.608516642437	17	1
brit.co*	450	37.693954361199324	37.693954361199324	0.0	0.0	17	1
brit.co*	578	5536.597356970586	5454.745923891307	0.0	0.0	17	1
brit.co*	642	12680.48851790631	12585.2054790874	6123.825598598819	3080.264961822975	17	1
brit.co*	706	37.501123828966506	37.501123828966506	0.0	0.0	17	1
brit.co*	834	4442.416707963268	4407.588766587048	0.0	0.0	17	1
brit.co*	417	62.06219882170838	62.06219882170838	0.0	0.0	17	1
brit.co*	705	2788.2136785724074	2725.8413768983814	0.0	0.0	17	1
brit.co*	32	10589.37633179117	10339.523257960025	8723.334116997405	3799.597745507257	17	1
brit.co*	96	459.378626310833	459.378626310833	0.0	0.0	17	1
brit.co*	288	877.5594919739375	877.5594919739375	0.0	0.0	17	1
brit.co*	320	979.6360864641342	921.2662358171405	0.0	0.0	17	1
brit.co*	352	1003.230262953932	1003.230262953932	0.0	0.0	17	1
brit.co*	480	239.6193800878782	239.6193800878782	0.0	0.0	17	1
brit.co*	512	1154.222273888809	1077.303166764769	0.0	0.0	17	1
brit.co*	608	23478.099372149663	22936.38046492541	30237.332722190113	18613.929177625385	17	1
brit.co*	704	11690.158312780228	11430.40707379026	0.0	0.0	17	1
brit.co*	736	147.98286028161638	147.98286028161638	0.0	0.0	17	1
brit.co*	800	791.5709665768231	712.5498416339349	0.0	0.0	17	1
brit.co*	832	320.5095373675894	320.5095373675894	0.0	0.0	17	1
brit.co*	31	408.8163530055046	408.8163530055046	0.0	0.0	17	1
brit.co*	191	7327.091429676058	6747.793924143434	35206.47251972393	16468.082496528146	17	1
brit.co*	703	2537.766482358953	2494.505032837729	0.0	0.0	17	1
brit.co*	831	410.5224976553465	410.5224976553465	0.0	0.0	17	1
brit.co*	158	4206.924811496411	4149.2719014372515	2589.8115867622228	1321.7496270646695	17	1
brit.co*	222	822.7458028579345	822.7458028579345	0.0	0.0	17	1
brit.co*	254	73.23510448244437	73.23510448244437	0.0	0.0	17	1
brit.co*	414	647.0266927342595	595.8774312739221	0.0	0.0	17	1
brit.co*	446	171.83386231985133	171.83386231985133	0.0	0.0	17	1
brit.co*	702	13710.79479604729	13390.095952523057	16524.090376312965	8508.003433593873	17	1
brit.co*	862	3928.4447644305774	3408.734881394992	0.0	0.0	17	1
brit.co*	894	346.646629149232	346.646629149232	0.0	0.0	17	1
brit.co*	92	212.61313469980703	212.61313469980703	0.0	0.0	17	1
brit.co*	124	114273.18944100928	111289.48995046914	216816.58831874694	113387.27918845568	17	1
brit.co*	156	2007.0397795633814	1996.7766896989265	0.0	0.0	17	1
brit.co*	188	1723.1101475383732	1563.8711756577914	0.0	0.0	17	1
brit.co*	316	261.0063927586156	261.0063927586156	0.0	0.0	17	1
brit.co*	348	7835.698199703678	7525.280235179378	1490.9334260821095	791.6607296265045	17	1
brit.co*	380	8188.380575985917	7829.341739108719	42391.39535443041	20484.738204600962	17	1
brit.co*	540	94.48368540395802	94.48368540395802	0.0	0.0	17	1
brit.co*	604	1881.6421172718208	1728.0161467286348	1802.84553115495	903.5147602476445	17	1
brit.co*	764	7947.94922673666	7947.94922673666	7728.598539110109	5436.521405509848	17	1
brit.co*	860	35.196076138905305	35.196076138905305	0.0	0.0	17	1
brit.co*	218	964.8773827173378	964.8773827173378	1852.4233424190625	966.0609285651703	17	1
brit.co*	250	23041.31150278649	22347.157715512585	28908.813899545992	12487.327089397018	17	1
brit.co*	410	3397.5116761717063	3317.845626402979	5458.574099724366	2657.5570078068063	17	1
brit.co*	442	850.6350843477269	850.6350843477269	0.0	0.0	17	1
brit.co*	474	152.41563831695473	152.41563831695473	0.0	0.0	17	1
brit.co*	634	659.708721848529	627.6549897534289	0.0	0.0	17	1
brit.co*	826	156192.30174624664	152046.66287747482	285668.37156409374	159934.12870166262	17	1
brit.co*	858	880.1050310915062	880.1050310915062	0.0	0.0	17	1
brit.co*	24	987.062033426801	987.062033426801	0.0	0.0	17	1
brit.co*	56	9630.411327475898	9507.904970891444	28279.257137999608	13993.116171930566	17	1
brit.co*	120	55.01412106215273	55.01412106215273	0.0	0.0	17	1
brit.co*	152	2860.044899395425	2860.044899395425	4941.149309083613	1873.7315202101927	17	1
brit.co*	312	117.34651592601489	117.34651592601489	0.0	0.0	17	1
brit.co*	344	6422.423775224548	6296.549419456838	6323.193805471336	2960.538388869636	17	1
brit.co*	376	13484.573009496859	12953.40940686001	10049.252879079866	5204.189581919162	17	1
brit.co*	440	5141.914056980714	4518.749543090879	5132.931270878081	2478.92918587383	17	1
brit.co*	504	2192.759719981485	2092.507956932937	0.0	0.0	17	1
brit.co*	600	373.4313890057242	373.4313890057242	0.0	0.0	17	1
brit.co*	792	14214.900667824972	13829.840222354482	11527.909477854335	6325.789435263619	17	1
brit.co*	214	3349.4780256991867	2996.7222473495544	0.0	0.0	17	1
brit.co*	246	3371.7567398977444	3371.7567398977444	15629.728512349666	8309.51695518938	17	1
brit.co*	438	386.0714599010149	386.0714599010149	0.0	0.0	17	1
brit.co*	470	1803.3619528193208	1803.3619528193208	0.0	0.0	17	1
brit.co*	566	1128.2199958876756	1065.7590442406652	0.0	0.0	17	1
brit.co*	630	1897.433226967035	1897.433226967035	12717.786089910016	6435.753037412942	17	1
brit.co*	854	244.92189723238863	244.92189723238863	0.0	0.0	17	1
brit.co*	533	145.9002016766807	145.9002016766807	0.0	0.0	17	1
brit.co*	52	1422.1346035661597	1360.2917639394361	0.0	0.0	17	1
brit.co*	84	220.88172994090397	220.88172994090397	0.0	0.0	17	1
brit.co*	116	110.5809693355481	110.5809693355481	0.0	0.0	17	1
brit.co*	276	23477.04000320156	23153.056737441828	25095.31570373759	14842.608722269018	17	1
brit.co*	308	169.07674394229466	169.07674394229466	0.0	0.0	17	1
brit.co*	340	277.5578587222177	277.5578587222177	0.0	0.0	17	1
brit.co*	372	7949.373485903743	7870.806451719045	21104.23951130819	10565.232211049946	17	1
brit.co*	404	1141.223694387274	1112.7254692052027	106423.8416592839	51880.811393093376	17	1
brit.co*	724	16046.848911216826	15509.84110845214	14213.832428651549	7150.480413848469	17	1
brit.co*	756	9542.470619020485	9326.534381468227	7688.310197017307	4091.7354957033062	17	1
brit.co*	788	1463.21604918215	1463.21604918215	0.0	0.0	17	1
brit.co*	51	238.86308510025688	238.86308510025688	0.0	0.0	17	1
brit.co*	275	174.57909006861124	132.43275975043295	0.0	0.0	17	1
brit.co*	499	254.25228651062508	254.25228651062508	0.0	0.0	17	1
brit.co*	50	1071.4170871015551	1024.221740860121	0.0	0.0	17	1
brit.co*	242	480.1064316399584	480.1064316399584	0.0	0.0	17	1
brit.co*	434	227.64035122618054	227.64035122618054	0.0	0.0	17	1
brit.co*	498	114.01494481687828	114.01494481687828	0.0	0.0	17	1
brit.co*	818	2994.371573429406	2781.7592026474426	1788.5141191227729	901.7250128506424	17	1
brit.co*	850	127.50940970302112	127.50940970302112	0.0	0.0	17	1
brit.co*	48	1318.3855865113019	1219.600145946285	0.0	0.0	17	1
brit.co*	112	868.8893199616554	831.6670868373799	0.0	0.0	17	1
brit.co*	144	1130.3751806375897	1099.9742551205281	0.0	0.0	17	1
brit.co*	208	5876.471455916139	5747.481679995749	7627.517419845317	4088.7660374871093	17	1
brit.co*	368	286.2684492132664	286.2684492132664	0.0	0.0	17	1
brit.co*	400	568.2568519528329	540.4514577939515	0.0	0.0	17	1
brit.co*	496	258.6228757368416	258.6228757368416	0.0	0.0	17	1
brit.co*	528	17650.666351315558	17556.349339255168	29804.273617471135	15572.442702976645	17	1
brit.co*	688	6523.070587162533	5798.755554939729	0.0	0.0	17	1
brit.co*	752	7509.508043268248	7443.334357421497	0.0	0.0	17	1
brit.co*	784	6343.914744457622	6343.914744457622	16535.1837054957	7763.608642402891	17	1
brit.co*	591	1366.0175736295187	1366.0175736295187	0.0	0.0	17	1
brit.co*	398	338.481775822122	320.5019492560453	0.0	0.0	17	1
brit.co*	462	521.3339633220048	426.4491259400623	0.0	0.0	17	1
brit.co*	12	875.7178663040286	875.7178663040286	0.0	0.0	17	1
brit.co*	44	813.8757356302648	813.8757356302648	0.0	0.0	17	1
brit.co*	76	18503.06968077022	17873.27945512805	9514.88435254549	4650.613794138769	17	1
brit.co*	268	805.1164558212229	805.1164558212229	0.0	0.0	17	1
brit.co*	300	10822.71140766372	10423.032814083119	10842.067582564208	4870.976715343531	17	1
brit.co*	332	22.575720592219472	22.575720592219472	0.0	0.0	17	1
brit.co*	364	2003.93236842755	1943.7119145360616	0.0	0.0	17	1
brit.co*	428	1149.6013089265339	1149.6013089265339	0.0	0.0	17	1
brit.co*	524	248.0862587130858	248.0862587130858	0.0	0.0	17	1
brit.co*	620	8374.57236920236	8030.864893671694	5933.066816010373	3082.5549820056763	17	1
brit.co*	716	183.49003974056757	183.49003974056757	0.0	0.0	17	1
brit.co*	748	347.05637721848905	347.05637721848905	0.0	0.0	17	1
brit.co*	780	1259.1789556666092	1218.5644455769261	0.0	0.0	17	1
brit.co*	203	8252.123626595518	8000.416986359237	10535.834191172327	5178.177695317649	17	2
brit.co*	170	3084.439513697604	3084.439513697604	931.7165295912012	449.1755767414551	17	2
brit.co*	458	11083.148512336353	10719.791114242402	26785.678701547746	12618.211412359997	17	2
brit.co*	554	17162.903690047446	16746.401609673616	42769.714034815035	21222.112327275816	17	2
brit.co*	586	5552.679280117045	4869.4184097496145	0.0	0.0	17	2
brit.co*	682	3770.177614589929	3607.6102122328884	3557.5685133163547	1815.3075520513282	17	2
brit.co*	233	475.94225695034953	475.94225695034953	0.0	0.0	17	2
brit.co*	8	810.2503789121417	746.7911586277922	0.0	0.0	17	2
brit.co*	40	8562.269434650381	7149.026856049394	6169.652264886	3288.7382868921063	17	2
brit.co*	72	1656.77715677373	1656.77715677373	0.0	0.0	17	2
brit.co*	104	280.436603960049	280.436603960049	0.0	0.0	17	2
brit.co*	328	53.9920676974065	53.9920676974065	0.0	0.0	17	2
brit.co*	360	8258.38532752777	7996.938687762084	24831.060510841417	12437.553967895352	17	2
brit.co*	392	16149.390712809834	15662.649862597495	15714.589603999579	8318.331933354308	17	2
brit.co*	616	15068.130526610226	14699.352153219677	713.4000123179585	385.980407912224	17	2
brit.co*	840	1153009.115791636	1100411.7640335332	1217797.2221308546	1059717.0133000605	17	2
brit.co*	231	255.94186782877284	255.94186782877284	0.0	0.0	17	2
brit.co*	807	819.9456981016124	819.9456981016124	0.0	0.0	17	2
brit.co*	70	1859.6180483487342	1859.6180483487342	0.0	0.0	17	2
brit.co*	422	537.5382658281804	537.5382658281804	0.0	0.0	17	2
brit.co*	454	49.546116129294695	49.546116129294695	0.0	0.0	17	2
brit.co*	646	545.7331449361437	545.7331449361437	0.0	0.0	17	2
brit.co*	710	17396.978467018398	17093.429785892164	37227.98079931674	18054.423855642326	17	2
brit.co*	4	1458.6784432061115	1458.6784432061115	0.0	0.0	17	2
brit.co*	36	61572.03317093205	60172.24956727591	109122.92801520713	55331.08432322449	17	2
brit.co*	68	116.1446862042739	116.1446862042739	0.0	0.0	17	2
brit.co*	100	6176.833227442102	6082.097357846502	6355.930861726261	3120.6025285077876	17	2
brit.co*	196	1417.0060938280476	1417.0060938280476	0.0	0.0	17	2
brit.co*	356	38557.11302273264	37512.74789863203	62368.61238210442	43598.59458343561	17	2
brit.co*	388	1373.9861960607252	1263.8337901736174	0.0	0.0	17	2
brit.co*	484	18485.720784265468	17957.1127518142	9052.095641377133	4451.828462220805	17	2
brit.co*	516	445.7038289970999	445.7038289970999	0.0	0.0	17	2
brit.co*	740	691.211962819702	691.211962819702	0.0	0.0	17	2
brit.co*	804	3480.513194278263	3323.575994336161	10169.850065806955	4520.174251044535	17	2
brit.co*	643	11223.640264661688	10316.880467410703	3776.6812734788723	1915.2440311843245	17	2
brit.co*	418	169.94965910923034	169.94965910923034	0.0	0.0	17	2
brit.co*	578	6517.7935524317245	6517.7935524317245	0.0	0.0	17	2
brit.co*	642	10149.05661517293	9960.081071021525	7832.459247057572	3781.1093200188384	17	2
brit.co*	834	277.0938096792057	277.0938096792057	0.0	0.0	17	2
brit.co*	417	19.627094724092156	19.627094724092156	0.0	0.0	17	2
brit.co*	705	3425.6604276478984	3425.6604276478984	0.0	0.0	17	2
brit.co*	833	802.219283052323	401.1096415261615	0.0	0.0	17	2
brit.co*	32	9178.776183427424	8819.608533510649	5266.512307212059	2213.9423466941025	17	2
brit.co*	64	203.06088892988743	126.91305558117962	0.0	0.0	17	2
brit.co*	96	365.6694821992171	365.6694821992171	0.0	0.0	17	2
brit.co*	192	101.72375366170053	101.72375366170053	0.0	0.0	17	2
brit.co*	288	1223.447849508143	1223.447849508143	0.0	0.0	17	2
brit.co*	320	111.56676696318735	111.56676696318735	0.0	0.0	17	2
brit.co*	352	1502.355263936553	1401.1047965982334	0.0	0.0	17	2
brit.co*	480	1221.6655490986532	980.0218417112205	0.0	0.0	17	2
brit.co*	512	527.6420608737212	527.6420608737212	0.0	0.0	17	2
brit.co*	608	23863.21458852981	22554.346157413613	29224.974559160535	15515.892594341158	17	2
brit.co*	704	12602.857601044954	12139.62388505585	25291.06207712674	11879.68366943171	17	2
brit.co*	736	14.935842454471778	14.935842454471778	0.0	0.0	17	2
brit.co*	800	724.1278045482488	653.0425330424747	0.0	0.0	17	2
brit.co*	31	168.65351493157496	168.65351493157496	0.0	0.0	17	2
brit.co*	191	6214.593238240411	5841.076467440762	17700.310120379076	9143.663925117244	17	2
brit.co*	703	4130.590251200492	4130.590251200492	4811.836222622304	2317.6761478725193	17	2
brit.co*	158	4499.1549500099345	4296.482571262044	3457.6814220981437	1662.4467070396413	17	2
brit.co*	222	284.8767104098072	284.8767104098072	0.0	0.0	17	2
brit.co*	254	119.6409416860046	119.6409416860046	0.0	0.0	17	2
brit.co*	414	1043.265839426144	1029.751556253961	0.0	0.0	17	2
brit.co*	446	306.4677006297211	306.4677006297211	0.0	0.0	17	2
brit.co*	638	53.72912626419152	53.72912626419152	0.0	0.0	17	2
brit.co*	702	12462.567813795562	11723.211481221399	6697.588965842968	3374.3293747642206	17	2
brit.co*	862	2310.8699784934083	2144.629919747002	0.0	0.0	17	2
brit.co*	894	122.87485592825084	122.87485592825084	0.0	0.0	17	2
brit.co*	28	624.3274631445482	624.3274631445482	0.0	0.0	17	2
brit.co*	92	360.01620970684553	360.01620970684553	0.0	0.0	17	2
brit.co*	124	120167.46158012484	117574.17670674578	147608.28266670872	78705.58827545069	17	2
brit.co*	156	1351.6747854825505	1205.4262735781194	0.0	0.0	17	2
brit.co*	188	1926.4049882974016	1833.6191468863437	0.0	0.0	17	2
brit.co*	316	263.0978451025335	263.0978451025335	0.0	0.0	17	2
brit.co*	348	9983.879769774676	9023.656748572517	9032.08240225394	4525.2317110136	17	2
brit.co*	380	15287.439015504624	15001.887938536067	10447.367552698302	4695.750863769047	17	2
brit.co*	508	1569.1280979898656	1200.5867214607044	0.0	0.0	17	2
brit.co*	604	2889.6995314082214	2889.6995314082214	544.3164559240727	264.2344212733942	17	2
brit.co*	764	7838.002316126777	7838.002316126777	697.0106192114055	372.99638309016257	17	2
brit.co*	860	55.63472520996362	55.63472520996362	0.0	0.0	17	2
brit.co*	218	1237.2729923854524	1237.2729923854524	1033.7311034742672	488.1871518923107	17	2
brit.co*	250	21515.428929963135	21151.597135495227	36274.69055251413	16340.234350128007	17	2
brit.co*	410	2641.342032394489	2513.011609593734	3488.404600926558	1654.4647200541656	17	2
brit.co*	442	327.6661995786221	327.6661995786221	0.0	0.0	17	2
brit.co*	634	1614.5288955825356	1546.9216737732565	0.0	0.0	17	2
brit.co*	826	147376.3071755782	140774.05220632296	238767.8724256339	137560.97238585903	17	2
brit.co*	858	298.000361748078	298.000361748078	0.0	0.0	17	2
brit.co*	24	89.19061733392309	89.19061733392309	0.0	0.0	17	2
brit.co*	56	10174.25935996023	9313.829754617276	1973.7263777667033	1057.576777427609	17	2
brit.co*	152	5144.493156775963	5144.493156775963	2863.207111124911	1208.5359848801825	17	2
brit.co*	344	7465.83710966105	7301.622731758705	1795.739471523656	958.2399017057035	17	2
brit.co*	376	11987.818000727388	11256.270942119285	12727.443464675982	5428.190884446039	17	2
brit.co*	440	5498.847879865009	5059.533884670233	1505.9630006755506	858.4294339749088	17	2
brit.co*	504	1014.0926446059323	1014.0926446059323	0.0	0.0	17	2
brit.co*	600	137.83749548337255	137.83749548337255	0.0	0.0	17	2
brit.co*	792	12611.5501198057	12406.719685969127	8097.17721138127	4104.655138163072	17	2
brit.co*	887	39.737883050608446	39.737883050608446	0.0	0.0	17	2
brit.co*	214	780.3047137409578	780.3047137409578	3128.859999322479	1147.4063407949939	17	2
brit.co*	246	2790.709141563442	2611.7430769844823	16824.681653543976	6846.522931849681	17	2
brit.co*	470	2872.40857720835	2872.40857720835	0.0	0.0	17	2
brit.co*	566	979.9054157451834	951.5077774266882	0.0	0.0	17	2
brit.co*	598	500.54119305327094	500.54119305327094	0.0	0.0	17	2
brit.co*	630	2145.230169024064	2145.230169024064	508.3281142789663	289.8852247949618	17	2
brit.co*	854	46.90407496220724	46.90407496220724	0.0	0.0	17	2
brit.co*	52	509.39445557435766	509.39445557435766	0.0	0.0	17	2
brit.co*	84	104.95449693214606	104.95449693214606	0.0	0.0	17	2
brit.co*	116	354.40638620352627	304.5216307010197	0.0	0.0	17	2
brit.co*	276	29519.940031032784	28696.641879860967	41042.998250487	23456.955805750615	17	2
brit.co*	340	334.13169367461984	334.13169367461984	0.0	0.0	17	2
brit.co*	372	7959.885203926176	7620.747447153821	39450.94227942646	20546.37771921901	17	2
brit.co*	404	920.380822347443	902.8861875979974	12572.080160303909	6256.498370782983	17	2
brit.co*	724	24701.816506952506	23571.91091312532	11448.238273943382	5719.164206333117	17	2
brit.co*	756	13637.14865796605	13311.180281550374	0.0	0.0	17	2
brit.co*	788	1747.256118658424	1747.256118658424	0.0	0.0	17	2
brit.co*	51	205.57485226940133	205.57485226940133	0.0	0.0	17	2
brit.co*	275	96.63879701294408	96.63879701294408	0.0	0.0	17	2
brit.co*	499	377.3090874576319	377.3090874576319	0.0	0.0	17	2
brit.co*	50	690.2504122936856	690.2504122936856	0.0	0.0	17	2
brit.co*	242	193.15391063173993	193.15391063173993	0.0	0.0	17	2
brit.co*	434	117.97115128655943	117.97115128655943	0.0	0.0	17	2
brit.co*	498	267.9188266304161	249.75524121200422	0.0	0.0	17	2
brit.co*	818	3868.310196097005	3747.2678132180567	1309.5938833479936	777.2713325563318	17	2
brit.co*	16	34.60008460737249	34.60008460737249	0.0	0.0	17	2
brit.co*	48	1246.3893478332848	1028.9308836132475	0.0	0.0	17	2
brit.co*	112	748.7944925005154	726.7606885740568	0.0	0.0	17	2
brit.co*	144	1982.5324723175142	1870.1524184601612	0.0	0.0	17	2
brit.co*	208	7583.088789380374	7304.910586936366	0.0	0.0	17	2
brit.co*	368	59.21718308339076	59.21718308339076	0.0	0.0	17	2
brit.co*	400	426.27823053150934	426.27823053150934	0.0	0.0	17	2
brit.co*	496	264.87244880149353	264.87244880149353	0.0	0.0	17	2
brit.co*	528	23933.43787452081	23307.57284470893	26169.983619823735	12701.755859087927	17	2
brit.co*	688	11167.293110080207	8776.728803836111	0.0	0.0	17	2
brit.co*	752	8367.905950891552	8367.905950891552	54704.39889021526	26193.83220628319	17	2
brit.co*	784	7308.041393672946	7308.041393672946	8642.080975491615	4381.136021400912	17	2
brit.co*	591	693.5519931201175	693.5519931201175	0.0	0.0	17	2
brit.co*	398	278.62126593490325	252.96631226164027	0.0	0.0	17	2
brit.co*	462	389.5678310571859	389.5678310571859	0.0	0.0	17	2
brit.co*	558	242.81063070690513	242.81063070690513	0.0	0.0	17	2
brit.co*	12	950.5511591648198	836.9658827042955	0.0	0.0	17	2
brit.co*	76	18556.47987600558	17881.875922302355	11732.778574588026	6233.4565533902605	17	2
brit.co*	204	192.41518432668937	192.41518432668937	0.0	0.0	17	2
brit.co*	268	799.1858721345864	799.1858721345864	0.0	0.0	17	2
brit.co*	300	12213.909299823847	11946.074300438202	17773.171645369624	9458.110342013886	17	2
brit.co*	332	207.904164845812	207.904164845812	0.0	0.0	17	2
brit.co*	364	2919.4710968557083	2683.753021557742	0.0	0.0	17	2
brit.co*	428	2552.4531016769397	2407.9682788540645	0.0	0.0	17	2
brit.co*	524	248.43921746642863	248.43921746642863	0.0	0.0	17	2
brit.co*	620	9221.90929522528	9101.358602310014	7629.309408714713	3952.2978021055346	17	2
brit.co*	716	594.4445370202886	594.4445370202886	0.0	0.0	17	2
brit.co*	780	1941.34565635453	1941.34565635453	0.0	0.0	17	2
brit.co*	203	8440.009822449494	8185.438289524899	6318.547873565778	3079.546251879152	17	3
brit.co*	170	7110.999944342533	5744.397967384964	2674.799345475867	1353.1076055016258	17	3
brit.co*	458	10985.015117157966	10521.733352209023	22232.166387958856	11061.47745052366	17	3
brit.co*	554	16797.685547274687	16238.230158073135	29537.606736200356	19841.318888339127	17	3
brit.co*	586	5768.954994596222	5499.758161186466	0.0	0.0	17	3
brit.co*	682	3425.241059380502	3270.2199406202076	10088.969279510518	4945.671496303687	17	3
brit.co*	233	1245.1388515705144	1202.3128186613067	0.0	0.0	17	3
brit.co*	8	643.3192629498151	589.0880069259333	0.0	0.0	17	3
brit.co*	40	5465.225945947478	5465.225945947478	0.0	0.0	17	3
brit.co*	72	261.9920760442081	195.07657600161997	0.0	0.0	17	3
brit.co*	104	352.43862302270537	323.2167792532383	0.0	0.0	17	3
brit.co*	136	318.12473446110766	318.12473446110766	0.0	0.0	17	3
brit.co*	360	7452.013224576093	7406.644882645771	22235.10923359415	10672.44248985869	17	3
brit.co*	392	12774.369964183486	12441.751090054848	14269.568720637837	8776.868468539593	17	3
brit.co*	616	14479.068902577057	14071.634618272237	18778.31045557525	6928.029548101862	17	3
brit.co*	840	1330664.8801686366	1252785.9604981055	1149317.396264796	827258.764462952	17	3
brit.co*	231	513.5369208606006	444.6365071107729	0.0	0.0	17	3
brit.co*	583	635.2300972222222	635.2300972222222	0.0	0.0	17	3
brit.co*	807	474.5998160074275	474.5998160074275	8643.297425754121	3132.1949966636853	17	3
brit.co*	70	537.904932398104	537.904932398104	0.0	0.0	17	3
brit.co*	262	1996.8520047934824	1996.8520047934824	0.0	0.0	17	3
brit.co*	422	1352.134374637634	1291.0922639912	0.0	0.0	17	3
brit.co*	454	104.34886773778125	104.34886773778125	0.0	0.0	17	3
brit.co*	710	15088.217534540638	14463.248933796911	36709.21715687733	18355.48075709173	17	3
brit.co*	36	68272.41821158004	65801.6553864471	118177.91493703736	70539.94661858682	17	3
brit.co*	68	110.82696504301427	110.82696504301427	0.0	0.0	17	3
brit.co*	100	5637.815350206555	5416.860704311406	3385.7794544312287	1507.915067936257	17	3
brit.co*	196	682.0252482203116	682.0252482203116	0.0	0.0	17	3
brit.co*	356	36751.7320753536	35844.158324442964	84560.26652145141	56133.76963969233	17	3
brit.co*	388	1217.5608794077739	1217.5608794077739	0.0	0.0	17	3
brit.co*	484	19818.777895332096	18832.616851447827	7039.282978022069	3443.6753987404654	17	3
brit.co*	516	308.1852757536665	308.1852757536665	0.0	0.0	17	3
brit.co*	580	276.0877150983446	276.0877150983446	0.0	0.0	17	3
brit.co*	740	261.281823436034	261.281823436034	0.0	0.0	17	3
brit.co*	804	3400.854719130451	3287.976244647777	7096.756707968653	3459.9511105068023	17	3
brit.co*	643	9496.219492223077	8815.082920478068	22855.073363176543	10388.007238811966	17	3
brit.co*	450	60.474475552900365	60.474475552900365	0.0	0.0	17	3
brit.co*	578	4789.312438544307	4789.312438544307	0.0	0.0	17	3
brit.co*	642	12686.907889997941	11968.478923787947	5866.974895808144	3111.5878213621477	17	3
brit.co*	834	465.6891587307957	465.6891587307957	0.0	0.0	17	3
brit.co*	417	20.845679573042148	20.845679573042148	0.0	0.0	17	3
brit.co*	705	1803.2277687949818	1803.2277687949818	0.0	0.0	17	3
brit.co*	833	61.03554488112001	61.03554488112001	0.0	0.0	17	3
brit.co*	32	9123.901722555845	8429.43027837629	5231.8061940689095	2477.495099448376	17	3
brit.co*	96	400.9951037276144	400.9951037276144	0.0	0.0	17	3
brit.co*	192	126.78351191399578	126.78351191399578	0.0	0.0	17	3
brit.co*	288	1002.5460422999608	913.7926868079014	0.0	0.0	17	3
brit.co*	320	572.6458749419528	572.6458749419528	0.0	0.0	17	3
brit.co*	352	1329.1443864173705	1329.1443864173705	0.0	0.0	17	3
brit.co*	384	26.357215943495135	26.357215943495135	0.0	0.0	17	3
brit.co*	480	689.2162314333018	689.2162314333018	0.0	0.0	17	3
brit.co*	512	665.2941112343807	567.3834181910719	0.0	0.0	17	3
brit.co*	608	25302.12674438309	24482.943034825093	34276.09299163479	17726.508381587257	17	3
brit.co*	704	10208.122226064128	9707.280719048931	8615.178710359005	4599.008027185027	17	3
brit.co*	800	252.4812740440406	252.4812740440406	0.0	0.0	17	3
brit.co*	832	105.59499134431564	105.59499134431564	0.0	0.0	17	3
brit.co*	31	196.95634722449466	196.95634722449466	0.0	0.0	17	3
brit.co*	191	7313.527055301043	5667.469235331089	19403.725480151003	8671.435226508334	17	3
brit.co*	703	1819.9480591244721	1819.9480591244721	1369.9296282386622	487.2207896062626	17	3
brit.co*	158	6524.976046588028	6257.915510149929	7293.59863905143	3641.373942463155	17	3
brit.co*	222	178.21874600729228	178.21874600729228	0.0	0.0	17	3
brit.co*	414	1389.8418003969834	1313.5704980654066	0.0	0.0	17	3
brit.co*	446	240.21865058548656	240.21865058548656	0.0	0.0	17	3
brit.co*	638	116.81871198415101	116.81871198415101	0.0	0.0	17	3
brit.co*	702	15494.732953700757	14688.468618198101	17986.27576897797	8842.771309557364	17	3
brit.co*	862	2545.195008242328	2223.258645708984	0.0	0.0	17	3
brit.co*	894	251.68269561337743	251.68269561337743	0.0	0.0	17	3
brit.co*	124	130348.42255329771	125893.42626597907	123037.50779841865	71278.30512527179	17	3
brit.co*	156	2364.11069991285	2328.9684318375353	0.0	0.0	17	3
brit.co*	188	974.8102154986306	974.8102154986306	0.0	0.0	17	3
brit.co*	348	10288.853546666402	8564.094284759654	753.8262710766877	400.05130854611707	17	3
brit.co*	380	11814.033296655605	11452.859740111275	13035.65687719815	6642.106657901509	17	3
brit.co*	508	463.20683732356076	463.20683732356076	0.0	0.0	17	3
brit.co*	604	2351.0485813126043	2214.6046231760984	1924.60280143079	963.2251729976283	17	3
brit.co*	764	6608.754681663157	6453.261568305965	44386.43105227678	21140.45634310764	17	3
brit.co*	860	95.10063022482545	95.10063022482545	0.0	0.0	17	3
brit.co*	218	1066.9793580995906	1066.9793580995906	381.6513751631973	214.3927400968862	17	3
brit.co*	250	23528.998712285655	22803.67270804705	9205.444905621154	4544.578813974877	17	3
brit.co*	410	3899.031319882333	3484.341015063575	4431.776414544398	2302.4349566961782	17	3
brit.co*	442	648.2711961169878	648.2711961169878	0.0	0.0	17	3
brit.co*	634	1190.5243281090575	1190.5243281090575	0.0	0.0	17	3
brit.co*	826	136129.35354840112	133887.95900366252	316431.5560804214	175109.88962933293	17	3
brit.co*	858	377.032297360913	377.032297360913	0.0	0.0	17	3
brit.co*	24	1260.391556252422	1025.3525169684317	0.0	0.0	17	3
brit.co*	56	10416.180372873941	10416.180372873941	20568.09551334852	9934.877467627688	17	3
brit.co*	120	119.11089395335662	119.11089395335662	0.0	0.0	17	3
brit.co*	152	2714.135222071689	2714.135222071689	1462.2149675876035	717.2460110009022	17	3
brit.co*	312	172.8102301054347	172.8102301054347	0.0	0.0	17	3
brit.co*	344	7740.619748300004	7445.5524401783205	20554.73436582331	10038.449152898846	17	3
brit.co*	376	13881.520784993225	13365.166185932176	6538.906261522838	3209.310202923179	17	3
brit.co*	440	4894.870398516764	4203.206145657709	9133.51380796334	2913.5657995844167	17	3
brit.co*	504	1797.7937152901366	1733.6016234582028	0.0	0.0	17	3
brit.co*	600	222.083456828363	222.083456828363	0.0	0.0	17	3
brit.co*	760	345.0216451040597	345.0216451040597	0.0	0.0	17	3
brit.co*	792	9229.752603510411	9107.363310043536	6547.445980554	3234.6739380224844	17	3
brit.co*	887	58.604183812808614	58.604183812808614	0.0	0.0	17	3
brit.co*	214	1011.1388139645196	1011.1388139645196	1306.2836263974796	668.17397026938	17	3
brit.co*	246	4153.3855773425885	4087.2195263632507	9542.223695777288	3603.392814921859	17	3
brit.co*	470	2046.2241719802723	2046.2241719802723	0.0	0.0	17	3
brit.co*	566	1699.8792818057682	1569.5235480639644	0.0	0.0	17	3
brit.co*	630	1389.7589760447524	1324.813861264044	0.0	0.0	17	3
brit.co*	662	1105.3880572599446	1105.3880572599446	0.0	0.0	17	3
brit.co*	533	189.93807568096042	189.93807568096042	0.0	0.0	17	3
brit.co*	20	1738.597812568013	1738.597812568013	0.0	0.0	17	3
brit.co*	52	806.4101064800539	806.4101064800539	0.0	0.0	17	3
brit.co*	84	109.9253889719111	109.9253889719111	0.0	0.0	17	3
brit.co*	116	272.49256258760664	272.49256258760664	0.0	0.0	17	3
brit.co*	212	87.88865751739719	87.88865751739719	0.0	0.0	17	3
brit.co*	276	32787.84794398659	31490.927689152886	19127.603317797515	9640.298856138117	17	3
brit.co*	308	339.539399903406	339.539399903406	0.0	0.0	17	3
brit.co*	340	508.21717994771814	508.21717994771814	0.0	0.0	17	3
brit.co*	372	6577.015198380116	6475.963080121753	65267.359776674195	32233.522711582347	17	3
brit.co*	404	1222.040212020822	1162.4435294160455	11170.035964846453	5516.931620200982	17	3
brit.co*	724	26227.163528225068	25024.195443550103	31340.709304563632	18204.572982871872	17	3
brit.co*	756	11628.786832238831	11083.212491619355	0.0	0.0	17	3
brit.co*	788	1155.4453374607622	968.1183398095603	0.0	0.0	17	3
brit.co*	51	168.75499522951708	168.75499522951708	0.0	0.0	17	3
brit.co*	275	430.252378336136	430.252378336136	0.0	0.0	17	3
brit.co*	659	156.92323696861496	156.92323696861496	0.0	0.0	17	3
brit.co*	50	1343.1130378107546	1290.8984090246702	0.0	0.0	17	3
brit.co*	242	151.08955800970756	151.08955800970756	0.0	0.0	17	3
brit.co*	434	209.67977169940994	209.67977169940994	0.0	0.0	17	3
brit.co*	498	714.0151660278841	714.0151660278841	0.0	0.0	17	3
brit.co*	818	3256.0896403863135	3136.1109091343583	1647.010854004662	833.8546478901239	17	3
brit.co*	850	127.8259959140132	127.8259959140132	0.0	0.0	17	3
brit.co*	16	110.304368051931	110.304368051931	0.0	0.0	17	3
brit.co*	48	553.24951551697	553.24951551697	0.0	0.0	17	3
brit.co*	112	1130.4007688723916	1130.4007688723916	0.0	0.0	17	3
brit.co*	144	1841.6523665262052	1806.1544296831205	0.0	0.0	17	3
brit.co*	208	7196.789718419303	7196.789718419303	0.0	0.0	17	3
brit.co*	368	199.18613549339534	199.18613549339534	0.0	0.0	17	3
brit.co*	400	844.6298479010042	844.6298479010042	0.0	0.0	17	3
brit.co*	496	807.7676330424542	807.7676330424542	0.0	0.0	17	3
brit.co*	528	25489.388546476235	24675.018297158305	45749.98015332792	23077.005808419257	17	3
brit.co*	688	4703.18604276352	4426.8744506474295	0.0	0.0	17	3
brit.co*	752	6691.857200662691	6434.933416464097	0.0	0.0	17	3
brit.co*	784	9692.538702429867	9619.629641566029	8052.533244103677	3928.175458111245	17	3
brit.co*	591	1666.5977348263275	1537.1174055409733	0.0	0.0	17	3
brit.co*	270	88.24578887915311	88.24578887915311	0.0	0.0	17	3
brit.co*	398	382.2490662670395	382.2490662670395	0.0	0.0	17	3
brit.co*	462	223.95558796557958	223.95558796557958	0.0	0.0	17	3
brit.co*	558	512.5338806194384	512.5338806194384	0.0	0.0	17	3
brit.co*	686	397.47779230212745	397.47779230212745	0.0	0.0	17	3
brit.co*	12	682.8702149109768	682.8702149109768	0.0	0.0	17	3
brit.co*	44	632.8319038360992	632.8319038360992	0.0	0.0	17	3
brit.co*	76	17908.168615692775	16840.616527043665	10351.631801482547	6151.152019347486	17	3
brit.co*	204	32.929611379262624	32.929611379262624	0.0	0.0	17	3
brit.co*	268	1679.5599771933241	1583.7397463098318	0.0	0.0	17	3
brit.co*	300	8768.213362018732	8464.492081295935	6733.14882507592	3208.9593277403355	17	3
brit.co*	364	3643.1900455835753	3520.349988309974	0.0	0.0	17	3
brit.co*	428	1751.6972133838028	1645.6336018367895	0.0	0.0	17	3
brit.co*	524	132.42450899328594	132.42450899328594	0.0	0.0	17	3
brit.co*	620	8509.224416374196	8509.224416374196	0.0	0.0	17	3
brit.co*	716	399.19070155487634	399.19070155487634	0.0	0.0	17	3
brit.co*	780	1841.5254757403106	1736.0599542092698	0.0	0.0	17	3
brit.co*	203	6201.5005401584285	6201.5005401584285	16550.448083832092	8160.674909590592	17	4
brit.co*	170	5709.820589385442	5397.87510001193	6476.836920979308	4050.3353030733606	17	4
brit.co*	458	9055.813510222175	8784.893406312116	15997.2088310921	9752.683570618798	17	4
brit.co*	554	17205.614495442853	15949.225470667492	13329.409815414445	7078.329918530838	17	4
brit.co*	586	4396.124368666963	4149.013281139293	0.0	0.0	17	4
brit.co*	682	3963.9220779762354	3844.575701580574	10277.358491004443	5061.771503792432	17	4
brit.co*	233	1173.9821259165317	1133.4706511903223	0.0	0.0	17	4
brit.co*	8	596.7275086539249	596.7275086539249	0.0	0.0	17	4
brit.co*	40	8478.619463867983	8378.730263100531	0.0	0.0	17	4
brit.co*	104	360.12878377601544	360.12878377601544	0.0	0.0	17	4
brit.co*	136	506.45733924024944	316.5358370251559	0.0	0.0	17	4
brit.co*	328	489.01755272418836	489.01755272418836	0.0	0.0	17	4
brit.co*	360	7866.266000739673	7395.043383383654	13624.882603686494	6954.472000364647	17	4
brit.co*	392	11351.739176684072	11008.495672950725	12139.521352125143	4837.494026733742	17	4
brit.co*	616	15372.019578272431	14973.254321649498	6495.4628116913755	2961.5556151599844	17	4
brit.co*	840	1377927.2040892376	1285823.536562002	1471461.3872296098	1048753.0215623965	17	4
brit.co*	807	890.8671887252822	787.1612954145974	210.19404638068846	61.42369447733627	17	4
brit.co*	70	506.41142831123466	506.41142831123466	0.0	0.0	17	4
brit.co*	422	990.8113851452327	922.6406548514022	0.0	0.0	17	4
brit.co*	454	172.7126262859354	172.7126262859354	0.0	0.0	17	4
brit.co*	710	17281.62421482323	16534.8968648764	42948.6845158781	20574.644544769395	17	4
brit.co*	36	69580.1775038474	67704.73572740301	119103.34204370146	55529.13150173985	17	4
brit.co*	68	114.60933375782791	114.60933375782791	0.0	0.0	17	4
brit.co*	100	5898.094977782823	5627.2228333505645	11953.174225263334	5497.757300393019	17	4
brit.co*	196	925.1001032253287	845.9742962663262	0.0	0.0	17	4
brit.co*	356	32216.397084862165	31269.775208568335	64637.844911444845	42061.180569869495	17	4
brit.co*	388	2020.8060487787375	1732.357539819419	0.0	0.0	17	4
brit.co*	484	20550.9311215822	19596.368869966234	10970.770449233416	5559.97842011236	17	4
brit.co*	516	83.22606617908944	52.0162913619309	0.0	0.0	17	4
brit.co*	580	41.31876257482859	41.31876257482859	0.0	0.0	17	4
brit.co*	740	69.35737605895676	69.35737605895676	0.0	0.0	17	4
brit.co*	804	4285.358803656116	4027.731428595149	2337.700392992566	1225.7519307319835	17	4
brit.co*	643	9858.533801732921	9415.98585868976	57793.83884156772	23523.460861101375	17	4
brit.co*	578	11767.453197028584	10405.495629214513	39098.10812809583	18930.108659235993	17	4
brit.co*	642	12230.195658566518	11478.9861574011	399.9317317386594	211.29589744038017	17	4
brit.co*	834	594.6848272460451	594.6848272460451	0.0	0.0	17	4
brit.co*	705	3367.4176531520598	3172.0976109720036	0.0	0.0	17	4
brit.co*	32	7104.973706029537	7104.973706029537	3269.3942230870534	1628.5642724128434	17	4
brit.co*	64	219.09462700546194	219.09462700546194	0.0	0.0	17	4
brit.co*	96	565.0011999043437	400.98259169810296	0.0	0.0	17	4
brit.co*	288	448.3461328683014	448.3461328683014	0.0	0.0	17	4
brit.co*	320	1378.258219665452	1077.419134048493	0.0	0.0	17	4
brit.co*	352	1202.4736593867656	1202.4736593867656	0.0	0.0	17	4
brit.co*	480	454.6903413970557	454.6903413970557	0.0	0.0	17	4
brit.co*	512	206.841269645983	206.841269645983	0.0	0.0	17	4
brit.co*	608	20693.710679680687	19709.235837409335	26870.24881768818	13900.683231144498	17	4
brit.co*	704	12722.345133048651	12722.345133048651	0.0	0.0	17	4
brit.co*	800	503.2795944206541	503.2795944206541	0.0	0.0	17	4
brit.co*	31	792.4767897175561	762.6056003966307	0.0	0.0	17	4
brit.co*	191	5875.477114342947	5214.749083648329	5407.103493630793	2949.4915728823503	17	4
brit.co*	703	4129.5912949170315	3940.8225794365	11024.209551045911	4610.727381987069	17	4
brit.co*	158	5274.358113488991	4810.935682642171	4156.235588684623	1998.09316600046	17	4
brit.co*	222	557.2566092062143	557.2566092062143	0.0	0.0	17	4
brit.co*	254	103.81603950044637	103.81603950044637	0.0	0.0	17	4
brit.co*	414	1532.7205807117068	1405.6579781101684	0.0	0.0	17	4
brit.co*	446	299.3004162175673	299.3004162175673	0.0	0.0	17	4
brit.co*	702	15512.235770547086	14624.0023327043	27099.864132938423	13559.41572303211	17	4
brit.co*	862	2881.0529456330755	2649.0970716144498	0.0	0.0	17	4
brit.co*	894	47.34659471555151	47.34659471555151	0.0	0.0	17	4
brit.co*	28	677.8092349434863	677.8092349434863	0.0	0.0	17	4
brit.co*	92	490.43212168365505	490.43212168365505	0.0	0.0	17	4
brit.co*	124	134211.63978872722	128641.0006399288	76381.44950305461	54045.01327813806	17	4
brit.co*	156	1723.2872195996363	1410.926069618859	0.0	0.0	17	4
brit.co*	188	964.8000049040481	964.8000049040481	0.0	0.0	17	4
brit.co*	316	201.745465985059	201.745465985059	0.0	0.0	17	4
brit.co*	348	6335.236341792502	5809.1435198167355	0.0	0.0	17	4
brit.co*	380	14074.236788821787	14050.953523787399	11090.507273200175	5432.054363081723	17	4
brit.co*	508	417.7950488407265	417.7950488407265	0.0	0.0	17	4
brit.co*	604	1316.1849493823513	1215.0358575273976	1742.1162051181989	698.3564222394132	17	4
brit.co*	764	10206.418992667966	9015.749894505525	28998.81310777809	14251.279997102158	17	4
brit.co*	860	58.909178918047594	58.909178918047594	0.0	0.0	17	4
brit.co*	218	1718.927071580807	1630.3204299940974	472.98058041027844	238.48297836245575	17	4
brit.co*	250	26113.189305853477	24533.563325597675	18541.441031856768	9314.181572921932	17	4
brit.co*	410	5472.777412326211	5472.777412326211	1567.755708192651	817.2818257967702	17	4
brit.co*	442	571.455243516876	571.455243516876	0.0	0.0	17	4
brit.co*	634	1459.1020030311213	1459.1020030311213	0.0	0.0	17	4
brit.co*	762	61.742188604811716	61.742188604811716	0.0	0.0	17	4
brit.co*	826	134462.0835745435	129983.43725702692	219601.89404077924	129760.072706121	17	4
brit.co*	858	1002.5590048400647	746.470531603715	0.0	0.0	17	4
brit.co*	24	107.19988261519934	107.19988261519934	0.0	0.0	17	4
brit.co*	56	9593.802487860696	9293.105413145595	21684.287781502186	9600.063765872132	17	4
brit.co*	152	4101.3086356915865	3945.3287182849162	0.0	0.0	17	4
brit.co*	344	10010.06038616313	9173.784375527532	478.13551641423317	258.6250974399562	17	4
brit.co*	376	14525.112004451434	13700.730718695379	9908.120917774031	4999.131237606386	17	4
brit.co*	440	5159.177476248949	4500.277361007327	3962.9752144655026	1828.9498883264228	17	4
brit.co*	504	1949.0513004029335	1949.0513004029335	0.0	0.0	17	4
brit.co*	600	365.75630962471587	365.75630962471587	0.0	0.0	17	4
brit.co*	760	229.28958191573506	229.28958191573506	0.0	0.0	17	4
brit.co*	792	18170.76439816559	17976.878084007967	3349.227572645666	1733.4006430028974	17	4
brit.co*	214	693.4375135064956	607.2023850931622	812.7809837683398	431.16876102147194	17	4
brit.co*	246	3223.360578855561	3083.944723611569	16474.21562843204	7908.417449496545	17	4
brit.co*	470	1642.9664296997048	1573.8264910984697	0.0	0.0	17	4
brit.co*	566	917.36826280963	881.6152733525897	0.0	0.0	17	4
brit.co*	598	1537.337410937554	1537.337410937554	0.0	0.0	17	4
brit.co*	630	2181.891926781749	1923.5607355147836	0.0	0.0	17	4
brit.co*	533	140.90104765026504	140.90104765026504	0.0	0.0	17	4
brit.co*	20	3215.58448668204	2441.0976945874036	0.0	0.0	17	4
brit.co*	52	2180.299301838131	1897.8347558407204	0.0	0.0	17	4
brit.co*	116	267.47266374830195	267.47266374830195	0.0	0.0	17	4
brit.co*	212	654.1786870284618	654.1786870284618	0.0	0.0	17	4
brit.co*	276	34150.33670106714	33364.13862441114	27168.31621396735	13976.756417362229	17	4
brit.co*	340	224.91573709005021	224.91573709005021	0.0	0.0	17	4
brit.co*	372	5238.748360890663	5238.748360890663	14151.79568768767	8020.068471437162	17	4
brit.co*	404	2149.969910928815	2069.87229089535	0.0	0.0	17	4
brit.co*	724	22549.19347123022	20898.70811930921	16249.468759054109	8003.33704800776	17	4
brit.co*	756	12515.787832374466	11580.173282213047	33229.383878299326	16052.925265326978	17	4
brit.co*	788	852.5585823364815	852.5585823364815	0.0	0.0	17	4
brit.co*	51	102.05707951760667	102.05707951760667	0.0	0.0	17	4
brit.co*	275	164.5534900985136	164.5534900985136	0.0	0.0	17	4
brit.co*	499	282.639235127457	282.639235127457	0.0	0.0	17	4
brit.co*	50	932.5647082349017	932.5647082349017	0.0	0.0	17	4
brit.co*	242	705.843849881672	705.843849881672	0.0	0.0	17	4
brit.co*	434	396.0940737700048	396.0940737700048	0.0	0.0	17	4
brit.co*	498	161.93506307961263	161.93506307961263	0.0	0.0	17	4
brit.co*	690	973.8718230659589	813.5276542584643	0.0	0.0	17	4
brit.co*	818	3917.103020367677	3797.3640326350783	1587.2366295577397	944.3721713330486	17	4
brit.co*	48	225.59028604401226	225.59028604401226	0.0	0.0	17	4
brit.co*	112	532.9966081077658	513.3984106118542	0.0	0.0	17	4
brit.co*	144	1782.0452440899749	1673.4597039243165	0.0	0.0	17	4
brit.co*	208	6739.278298926557	6739.278298926557	0.0	0.0	17	4
brit.co*	368	311.1162373657949	311.1162373657949	0.0	0.0	17	4
brit.co*	400	481.7271100073792	481.7271100073792	0.0	0.0	17	4
brit.co*	496	168.7872695331288	168.7872695331288	0.0	0.0	17	4
brit.co*	528	19817.79392678483	19518.081316493448	26519.51816055596	13122.177888996539	17	4
brit.co*	688	4169.377684755661	4071.0965618811842	0.0	0.0	17	4
brit.co*	752	8183.487647407871	7882.324295690196	37035.95915864781	17516.185286482192	17	4
brit.co*	784	6923.911064882608	6711.5596663291835	3105.2783366545386	1613.8013299035717	17	4
brit.co*	591	2468.8480993880125	2468.8480993880125	0.0	0.0	17	4
brit.co*	398	278.00802195215505	278.00802195215505	0.0	0.0	17	4
brit.co*	462	299.74172713212505	299.74172713212505	0.0	0.0	17	4
brit.co*	558	606.4805258215863	606.4805258215863	0.0	0.0	17	4
brit.co*	12	821.6767051590422	782.9208391058322	0.0	0.0	17	4
brit.co*	44	619.1486553616005	619.1486553616005	0.0	0.0	17	4
brit.co*	76	30179.036603497643	27209.13790679566	13319.356125316926	6630.886130453254	17	4
brit.co*	268	1604.0518101153968	1475.867063399551	0.0	0.0	17	4
brit.co*	300	9152.718062355838	8690.07572676549	8745.135510854963	3952.9483329438303	17	4
brit.co*	364	3166.3191702762897	3015.0364642992786	0.0	0.0	17	4
brit.co*	428	3346.001974041323	3346.001974041323	0.0	0.0	17	4
brit.co*	524	161.0069208726369	161.0069208726369	0.0	0.0	17	4
brit.co*	620	8000.40109603937	7765.862952206631	37916.598383901925	15777.298517037994	17	4
brit.co*	716	125.59418879396607	125.59418879396607	0.0	0.0	17	4
brit.co*	780	1871.6409307896813	1871.6409307896813	0.0	0.0	17	4
brit.co*	203	7724.618171953732	7643.261293629785	13861.683340760226	6400.098821832591	17	5
brit.co*	170	4978.7819400845565	4604.7306626657	1502.977625433319	563.5260178272536	17	5
brit.co*	458	11096.839062376544	10947.338798738148	20389.79587970905	12741.805752053973	17	5
brit.co*	554	18085.502683224437	17411.529580564857	11330.032159835831	5725.393092382034	17	5
brit.co*	586	4226.927779266113	3949.7223435157816	0.0	0.0	17	5
brit.co*	682	3502.981755905698	3389.791316969337	5926.465797322665	3096.86779692283	17	5
brit.co*	233	625.8137540700415	625.8137540700415	0.0	0.0	17	5
brit.co*	8	333.83214176866744	242.76581830195482	0.0	0.0	17	5
brit.co*	40	5324.851103868571	5324.851103868571	23492.56442585794	10668.05928595225	17	5
brit.co*	72	164.4947565970858	164.4947565970858	0.0	0.0	17	5
brit.co*	104	150.53031384864076	150.53031384864076	0.0	0.0	17	5
brit.co*	328	147.60200054684486	147.60200054684486	0.0	0.0	17	5
brit.co*	360	9424.92952083474	8714.916992418133	18428.986063714485	7773.4693831821605	17	5
brit.co*	392	13227.79485552064	12789.794101547164	17568.116924828755	7236.851707670484	17	5
brit.co*	616	14409.737023081092	14300.911432974997	5760.473782642419	2927.802817780314	17	5
brit.co*	840	1343473.9938971666	1263673.4785710757	1620397.5826206354	1163040.0437832791	17	5
brit.co*	807	610.8620865936559	531.3813507616816	0.0	0.0	17	5
brit.co*	70	1769.6014708159616	1750.3869549247443	0.0	0.0	17	5
brit.co*	422	1222.5697737417738	1222.5697737417738	0.0	0.0	17	5
brit.co*	454	224.27186155128075	224.27186155128075	0.0	0.0	17	5
brit.co*	710	15683.301020409808	15078.041361681457	30622.13364415385	15070.77834376241	17	5
brit.co*	36	52116.68742908229	50461.08626111702	45424.507054285874	23130.689162318067	17	5
brit.co*	68	108.68385601240702	108.68385601240702	0.0	0.0	17	5
brit.co*	100	4483.8913879194515	4137.715267304053	3804.955538951123	1993.0525914352816	17	5
brit.co*	196	1186.0799608455952	1114.724972629173	0.0	0.0	17	5
brit.co*	292	519.95736873234	519.95736873234	0.0	0.0	17	5
brit.co*	356	36562.09581034067	35481.12802909998	62388.300770390095	35427.40292443028	17	5
brit.co*	388	1311.6516716187198	1203.1646912988476	0.0	0.0	17	5
brit.co*	484	15742.833508664662	15480.247409254624	6947.4339091156235	3508.1845506290574	17	5
brit.co*	580	1306.400495624807	1306.400495624807	0.0	0.0	17	5
brit.co*	740	391.34475059927263	391.34475059927263	0.0	0.0	17	5
brit.co*	804	3804.217184662793	3701.5803397216355	63.875371030483	33.711674342300554	17	5
brit.co*	643	11568.379996270503	10992.992331385163	39357.6599820619	16667.873148794642	17	5
brit.co*	258	336.060615710495	336.060615710495	0.0	0.0	17	5
brit.co*	450	290.1282062258664	290.1282062258664	0.0	0.0	17	5
brit.co*	578	11744.416242187575	10382.740036144449	0.0	0.0	17	5
brit.co*	642	8161.90749603953	7828.792027219409	21211.737659726812	10248.114695876626	17	5
brit.co*	834	272.4697462919483	272.4697462919483	0.0	0.0	17	5
brit.co*	417	55.230861326918195	55.230861326918195	0.0	0.0	17	5
brit.co*	705	2105.806907906461	2105.806907906461	0.0	0.0	17	5
brit.co*	833	435.7470561049744	435.7470561049744	0.0	0.0	17	5
brit.co*	32	8233.376430165825	7912.627157823533	3266.356354906791	1671.3677842087168	17	5
brit.co*	96	235.88419066084498	235.88419066084498	0.0	0.0	17	5
brit.co*	192	51.079256960851524	51.079256960851524	0.0	0.0	17	5
brit.co*	288	435.0135533417457	435.0135533417457	0.0	0.0	17	5
brit.co*	320	597.2401528743903	597.2401528743903	0.0	0.0	17	5
brit.co*	352	785.0821926019476	785.0821926019476	0.0	0.0	17	5
brit.co*	480	471.15052097133037	471.15052097133037	0.0	0.0	17	5
brit.co*	512	466.6420151809281	466.6420151809281	0.0	0.0	17	5
brit.co*	608	22734.39721495645	22110.48388494726	21700.59536984586	10509.929469166736	17	5
brit.co*	704	8925.016761804867	8762.554305420159	0.0	0.0	17	5
brit.co*	800	300.14936059003816	300.14936059003816	0.0	0.0	17	5
brit.co*	31	658.6871121111232	565.5462738295855	0.0	0.0	17	5
brit.co*	191	7642.215378470149	6370.689089290327	4379.296683438432	2237.232095274233	17	5
brit.co*	703	5953.976347921501	5247.313473055401	3474.4355149105713	1430.375422372765	17	5
brit.co*	831	569.4787795911121	569.4787795911121	0.0	0.0	17	5
brit.co*	158	6569.507125241484	6067.054593922749	6015.880951147655	3051.3174061701666	17	5
brit.co*	222	147.02031850652165	147.02031850652165	0.0	0.0	17	5
brit.co*	414	1050.407151546191	955.4731905090158	0.0	0.0	17	5
brit.co*	638	362.5685257025572	362.5685257025572	0.0	0.0	17	5
brit.co*	702	12038.190509178012	11668.14219938103	9890.781836274622	4949.085601283729	17	5
brit.co*	862	1215.0165003168408	857.2782925585734	0.0	0.0	17	5
brit.co*	60	2130.329158930019	2130.329158930019	0.0	0.0	17	5
brit.co*	92	110.94738202014005	110.94738202014005	0.0	0.0	17	5
brit.co*	124	122795.09195573971	118288.08677290533	125026.75875855853	72904.12731538997	17	5
brit.co*	156	1445.4913645644972	1393.6884957143247	0.0	0.0	17	5
brit.co*	188	1047.3800616734168	1047.3800616734168	0.0	0.0	17	5
brit.co*	316	62.52738015164145	62.52738015164145	0.0	0.0	17	5
brit.co*	348	6690.501672902302	6384.139205145078	32965.93102361466	16003.168974187143	17	5
brit.co*	380	15715.946044650613	14755.10978125019	10378.993594336664	5231.796084439547	17	5
brit.co*	604	2007.1861886006145	2007.1861886006145	3385.462813675153	1440.8775271612883	17	5
brit.co*	764	8234.995480860938	8234.995480860938	25224.999927416022	12395.743494507908	17	5
brit.co*	796	256.7985782812439	256.7985782812439	0.0	0.0	17	5
brit.co*	218	1802.0280968210616	1701.392357366436	3529.9888734820497	1684.9710830166134	17	5
brit.co*	250	25071.15135697495	24717.523205983685	0.0	0.0	17	5
brit.co*	410	3134.4856065552026	2927.7962090083142	1430.1856378244222	717.7574500015484	17	5
brit.co*	442	177.84954291056437	177.84954291056437	0.0	0.0	17	5
brit.co*	634	1120.7257065042925	1120.7257065042925	0.0	0.0	17	5
brit.co*	826	126902.6017910698	123356.54222221227	186332.45008173428	106883.70246578981	17	5
brit.co*	858	1480.350183867657	1225.4495655716212	0.0	0.0	17	5
brit.co*	24	166.7141020074094	104.19631375463086	0.0	0.0	17	5
brit.co*	56	10488.670750293002	10488.670750293002	15604.898997921115	8288.059293851937	17	5
brit.co*	120	46.96852414046971	46.96852414046971	0.0	0.0	17	5
brit.co*	152	2612.6308935213697	2612.6308935213697	3435.147585226513	1651.6322817611212	17	5
brit.co*	312	297.2671286701531	297.2671286701531	0.0	0.0	17	5
brit.co*	344	7119.603252823136	6685.026448903186	14124.048753985537	6804.053995741363	17	5
brit.co*	376	11683.996916362856	11428.007150045893	0.0	0.0	17	5
brit.co*	440	4718.187615987254	4524.998346828295	1699.9000929657964	938.8878907461938	17	5
brit.co*	504	1620.0440199887923	1620.0440199887923	0.0	0.0	17	5
brit.co*	600	515.6059885662854	515.6059885662854	0.0	0.0	17	5
brit.co*	760	31.838748091240173	31.838748091240173	0.0	0.0	17	5
brit.co*	792	13940.619765384721	13037.3860193977	7032.2868230373515	3505.726853193495	17	5
brit.co*	214	875.290273008602	875.290273008602	0.0	0.0	17	5
brit.co*	246	3496.958056509921	3374.59540212786	704.2318608121739	373.6594612497487	17	5
brit.co*	438	328.23314038574	328.23314038574	0.0	0.0	17	5
brit.co*	470	981.7153626409092	981.7153626409092	0.0	0.0	17	5
brit.co*	566	1130.1842526727555	1102.833833935275	0.0	0.0	17	5
brit.co*	630	781.3211500049524	781.3211500049524	0.0	0.0	17	5
brit.co*	20	2513.987810742444	2513.987810742444	0.0	0.0	17	5
brit.co*	52	857.8146833256588	857.8146833256588	0.0	0.0	17	5
brit.co*	84	385.9886116313608	385.9886116313608	0.0	0.0	17	5
brit.co*	116	127.78611799964455	127.78611799964455	0.0	0.0	17	5
brit.co*	276	31363.88720459001	30803.934433747916	36866.28970201367	18324.954905035094	17	5
brit.co*	340	541.3010603889729	541.3010603889729	0.0	0.0	17	5
brit.co*	372	8079.458741665041	7892.924163065207	73720.68723961091	36332.01332419539	17	5
brit.co*	404	1978.540835403961	1831.543205033981	0.0	0.0	17	5
brit.co*	724	21703.126455167494	20588.49699379362	9603.429829570567	5071.503745878213	17	5
brit.co*	756	10806.286080020864	10806.286080020864	0.0	0.0	17	5
brit.co*	788	1011.2319892256954	1011.2319892256954	0.0	0.0	17	5
brit.co*	51	226.88834945736468	226.88834945736468	0.0	0.0	17	5
brit.co*	275	191.54951543624148	191.54951543624148	0.0	0.0	17	5
brit.co*	50	985.0879033105322	955.4602419411575	0.0	0.0	17	5
brit.co*	242	1076.1103837447292	1076.1103837447292	0.0	0.0	17	5
brit.co*	434	70.87510704555406	70.87510704555406	0.0	0.0	17	5
brit.co*	498	302.0926069468733	302.0926069468733	0.0	0.0	17	5
brit.co*	818	2602.9416500008856	2555.467446319307	2652.180486706719	1312.7006062295593	17	5
brit.co*	850	106.35845756752903	106.35845756752903	0.0	0.0	17	5
brit.co*	16	76.37546969270596	76.37546969270596	0.0	0.0	17	5
brit.co*	48	69.27960852468044	69.27960852468044	0.0	0.0	17	5
brit.co*	112	1049.3077991697992	1009.6992906165274	0.0	0.0	17	5
brit.co*	144	1239.8984576416399	1202.1516364160182	0.0	0.0	17	5
brit.co*	208	5653.519618909799	5653.519618909799	0.0	0.0	17	5
brit.co*	368	129.68422622329592	129.68422622329592	0.0	0.0	17	5
brit.co*	400	797.3211394018582	705.1903341057001	0.0	0.0	17	5
brit.co*	496	481.64452679266196	481.64452679266196	0.0	0.0	17	5
brit.co*	528	23764.915444613966	22974.103888134934	18255.072893899756	8931.526789750957	17	5
brit.co*	688	3517.848069256085	3439.7187234122384	0.0	0.0	17	5
brit.co*	752	6559.452038164511	6241.677145457044	7716.758485729233	4118.840445989469	17	5
brit.co*	784	4235.987545303852	4165.333218479301	4050.1738895330272	1959.1144763051386	17	5
brit.co*	591	1077.3401845396484	1077.3401845396484	0.0	0.0	17	5
brit.co*	398	397.536064580255	397.536064580255	0.0	0.0	17	5
brit.co*	462	197.89777149025636	197.89777149025636	0.0	0.0	17	5
brit.co*	558	675.2825538873612	675.2825538873612	0.0	0.0	17	5
brit.co*	12	655.2946141995628	655.2946141995628	0.0	0.0	17	5
brit.co*	44	246.13752571469513	246.13752571469513	0.0	0.0	17	5
brit.co*	76	29657.1357194843	26149.979024380937	20427.745668189164	10177.025503642823	17	5
brit.co*	204	121.13583738059795	121.13583738059795	0.0	0.0	17	5
brit.co*	268	1694.536542649212	1694.536542649212	0.0	0.0	17	5
brit.co*	300	9846.465759125156	9384.892681139265	13995.781574378103	7045.745884567394	17	5
brit.co*	364	1661.1725094204212	1661.1725094204212	0.0	0.0	17	5
brit.co*	428	1134.0775635152293	1134.0775635152293	0.0	0.0	17	5
brit.co*	524	101.22734289732317	101.22734289732317	0.0	0.0	17	5
brit.co*	620	7232.22419056493	7103.404646122828	0.0	0.0	17	5
brit.co*	716	269.4940543830186	269.4940543830186	0.0	0.0	17	5
brit.co*	748	733.247189724597	733.247189724597	0.0	0.0	17	5
brit.co*	780	897.7471047016111	897.7471047016111	0.0	0.0	17	5
brit.co*	203	6012.202779389638	5607.914265991258	14784.93906403078	3582.2442522677015	17	6
brit.co*	170	6573.906960367072	6420.185065693813	0.0	0.0	17	6
brit.co*	458	6938.422968899375	6864.37386995116	17341.771569790064	8499.55945032101	17	6
brit.co*	554	15128.43557732193	14801.581490091156	31972.985794132204	16272.021888128307	17	6
brit.co*	586	4120.580916591844	3747.7300878348733	0.0	0.0	17	6
brit.co*	682	3168.9643634627123	3168.9643634627123	259.41743597590516	138.1081552673337	17	6
brit.co*	233	1469.7084306232664	1363.9191326873204	0.0	0.0	17	6
brit.co*	585	98.18774193548387	98.18774193548387	0.0	0.0	17	6
brit.co*	8	322.5020389907453	322.5020389907453	0.0	0.0	17	6
brit.co*	40	2918.897354844024	2585.6372936818907	9962.373056784341	5572.323017450177	17	6
brit.co*	72	522.3897698271844	446.38259366890554	0.0	0.0	17	6
brit.co*	104	142.89709021358965	142.89709021358965	0.0	0.0	17	6
brit.co*	360	6640.192276597945	6373.3060886349695	22866.34858195737	10972.95629977505	17	6
brit.co*	392	15909.046928993233	15481.004675836572	15197.471921476403	6936.563786192366	17	6
brit.co*	616	11485.638835644946	11366.96933502721	14967.260648759668	6152.021658869708	17	6
brit.co*	840	1282405.7922531858	1200045.778068757	1315740.9443777578	973941.2987437573	17	6
brit.co*	231	58.432752903742355	58.432752903742355	0.0	0.0	17	6
brit.co*	807	466.3371037327246	466.3371037327246	11021.394935805529	4529.595532697066	17	6
brit.co*	70	1374.3209230876976	1158.5274692605287	0.0	0.0	17	6
brit.co*	422	1067.139563783651	1067.139563783651	0.0	0.0	17	6
brit.co*	454	157.34258647656614	157.34258647656614	0.0	0.0	17	6
brit.co*	646	72.27748505465588	72.27748505465588	0.0	0.0	17	6
brit.co*	710	14058.6343841234	13387.99765233493	32131.70026353439	14553.526223322673	17	6
brit.co*	4	2442.7512929785753	2442.7512929785753	0.0	0.0	17	6
brit.co*	36	48743.636022944724	46842.11548791444	121015.17292545347	60204.67236044283	17	6
brit.co*	68	344.70171012080215	344.70171012080215	0.0	0.0	17	6
brit.co*	100	2633.157025957993	2466.2730620989223	619.1617294822817	329.56240391323746	17	6
brit.co*	196	790.3662583997425	790.3662583997425	0.0	0.0	17	6
brit.co*	356	29855.240812514952	28976.492993119926	60853.253962015406	33323.70724643353	17	6
brit.co*	388	1365.7434440453737	1273.5933596849893	0.0	0.0	17	6
brit.co*	484	12655.356919114787	12368.486425293722	11510.9547216378	5701.6381686053155	17	6
brit.co*	516	122.14107709534241	122.14107709534241	0.0	0.0	17	6
brit.co*	740	339.89997125164786	339.89997125164786	0.0	0.0	17	6
brit.co*	804	4265.779491951379	3857.5538137899593	0.0	0.0	17	6
brit.co*	643	9548.126411326313	9144.845188828494	46372.48711172216	18121.822473055927	17	6
brit.co*	258	254.3547026323361	254.3547026323361	0.0	0.0	17	6
brit.co*	418	1265.8457539468143	1265.8457539468143	0.0	0.0	17	6
brit.co*	450	123.63486221242127	103.22682572436793	0.0	0.0	17	6
brit.co*	578	7910.324582179992	7666.831678288029	0.0	0.0	17	6
brit.co*	642	6292.832511254006	6172.159945019145	12670.138165186207	6300.38480799632	17	6
brit.co*	834	114.48992338990574	104.17302904779547	0.0	0.0	17	6
brit.co*	417	128.03727913599178	128.03727913599178	0.0	0.0	17	6
brit.co*	705	1526.4423180034803	1526.4423180034803	0.0	0.0	17	6
brit.co*	32	4809.702474547398	4580.195844649339	0.0	0.0	17	6
brit.co*	96	514.4014235243793	471.25283298545065	0.0	0.0	17	6
brit.co*	192	47.86764834862923	47.86764834862923	0.0	0.0	17	6
brit.co*	288	248.93623077547454	213.64025181802117	0.0	0.0	17	6
brit.co*	320	590.0308686835684	590.0308686835684	0.0	0.0	17	6
brit.co*	352	2075.6581401784706	1976.2234260306584	0.0	0.0	17	6
brit.co*	384	38.59457142581632	38.59457142581632	0.0	0.0	17	6
brit.co*	480	385.698788023932	385.698788023932	0.0	0.0	17	6
brit.co*	512	347.7574612854302	347.7574612854302	0.0	0.0	17	6
brit.co*	608	19018.784027795966	18299.140848299125	27106.42187059554	15820.727483868717	17	6
brit.co*	704	13176.717594691569	11690.956120603929	0.0	0.0	17	6
brit.co*	800	391.1800554458081	391.1800554458081	0.0	0.0	17	6
brit.co*	832	402.4119171310121	402.4119171310121	0.0	0.0	17	6
brit.co*	31	384.20159984212614	305.91007261265116	0.0	0.0	17	6
brit.co*	191	6561.154830071349	5943.637184862835	3368.4344493360886	1702.440433278535	17	6
brit.co*	703	3840.2320161756174	3665.8503443090867	0.0	0.0	17	6
brit.co*	158	3006.209940356805	3006.209940356805	6549.949140150369	3318.987682018458	17	6
brit.co*	222	229.47406814495028	229.47406814495028	0.0	0.0	17	6
brit.co*	414	940.388445457007	940.388445457007	0.0	0.0	17	6
brit.co*	446	256.4258293851986	256.4258293851986	0.0	0.0	17	6
brit.co*	638	46.11571415753322	46.11571415753322	0.0	0.0	17	6
brit.co*	670	976.8880130932536	976.8880130932536	0.0	0.0	17	6
brit.co*	702	11030.333586979481	10615.160240691624	27543.057179970783	14159.581405792207	17	6
brit.co*	862	1952.9669455298442	1743.8980390922839	0.0	0.0	17	6
brit.co*	894	90.48209984517933	90.48209984517933	0.0	0.0	17	6
brit.co*	28	633.1330823197552	633.1330823197552	0.0	0.0	17	6
brit.co*	60	578.1720212858262	578.1720212858262	0.0	0.0	17	6
brit.co*	124	103351.66471958357	99996.67596088535	117685.67762807297	60614.29229847921	17	6
brit.co*	156	2022.8163260877525	1953.2840410605706	53100.48724661683	26179.227367084124	17	6
brit.co*	188	577.3038352920958	577.3038352920958	0.0	0.0	17	6
brit.co*	316	550.3024364114307	550.3024364114307	0.0	0.0	17	6
brit.co*	348	5606.524401546568	5143.246022703733	0.0	0.0	17	6
brit.co*	380	11786.89809222732	11135.107574331907	0.0	0.0	17	6
brit.co*	604	1408.002627384448	1408.002627384448	448.3395253528614	225.73852540959678	17	6
brit.co*	764	8866.425552725876	8332.139657317288	2891.369914458225	1589.4362735240495	17	6
brit.co*	860	60.840789716495834	60.840789716495834	0.0	0.0	17	6
brit.co*	218	1015.9491219379221	921.3210091775675	1804.0933355079935	886.619652923125	17	6
brit.co*	250	19319.32241098056	18532.266321639654	38886.54441763312	18993.476687814426	17	6
brit.co*	410	2445.0041816999174	2282.5044613281084	0.0	0.0	17	6
brit.co*	442	527.2396766064021	527.2396766064021	0.0	0.0	17	6
brit.co*	474	158.27297681630668	158.27297681630668	0.0	0.0	17	6
brit.co*	634	1748.4537760027142	1642.2685870113755	0.0	0.0	17	6
brit.co*	762	47.67488685800963	47.67488685800963	0.0	0.0	17	6
brit.co*	826	96065.29565856374	93763.85783636368	100670.19865708654	50646.37662151635	17	6
brit.co*	858	1084.9578786390914	1084.9578786390914	0.0	0.0	17	6
brit.co*	56	10416.182373068248	10224.214660566531	0.0	0.0	17	6
brit.co*	120	109.00605316992005	109.00605316992005	0.0	0.0	17	6
brit.co*	152	4194.670817523986	4194.670817523986	5444.8433021076835	2793.133828385957	17	6
brit.co*	312	307.80829051018543	307.80829051018543	0.0	0.0	17	6
brit.co*	344	9280.61221977146	8496.932024998494	0.0	0.0	17	6
brit.co*	376	9618.994186018066	9149.635183999626	0.0	0.0	17	6
brit.co*	440	2946.8454849063464	2862.7148498868155	0.0	0.0	17	6
brit.co*	504	1372.6335123888825	1325.9572927046352	0.0	0.0	17	6
brit.co*	600	949.755155153311	949.755155153311	0.0	0.0	17	6
brit.co*	760	73.14198140613235	73.14198140613235	0.0	0.0	17	6
brit.co*	792	8187.2326546164595	7614.790064361901	13604.656999485842	6484.545953093387	17	6
brit.co*	214	1511.7692972515524	1511.7692972515524	0.0	0.0	17	6
brit.co*	246	3690.984438967187	3690.984438967187	0.0	0.0	17	6
brit.co*	470	436.0280643785709	436.0280643785709	0.0	0.0	17	6
brit.co*	566	879.8043152331147	833.5720683140581	0.0	0.0	17	6
brit.co*	630	2979.436462181449	2852.201698264878	25738.961530608412	8277.712092323252	17	6
brit.co*	662	967.2978819139885	967.2978819139885	0.0	0.0	17	6
brit.co*	52	1454.2670599604216	1386.7962128828199	0.0	0.0	17	6
brit.co*	84	52.76519884731962	52.76519884731962	0.0	0.0	17	6
brit.co*	116	23.50909250452713	23.50909250452713	0.0	0.0	17	6
brit.co*	212	280.39785170978803	280.39785170978803	0.0	0.0	17	6
brit.co*	276	26074.562248074406	25667.760590310605	2758.742831276055	1483.9393833780455	17	6
brit.co*	340	236.54816834647258	236.54816834647258	0.0	0.0	17	6
brit.co*	372	6504.0671656405375	6407.07053602944	1864.051946773398	989.1991241527217	17	6
brit.co*	404	946.409877078643	911.1127549932503	180685.98291295348	88249.0589427168	17	6
brit.co*	724	16886.38299398599	15971.338693464515	0.0	0.0	17	6
brit.co*	756	9192.055697327884	9094.596459286367	0.0	0.0	17	6
brit.co*	788	1697.1377218481412	1697.1377218481412	0.0	0.0	17	6
brit.co*	51	372.12249064465084	342.2230035569654	0.0	0.0	17	6
brit.co*	275	192.2169374800351	192.2169374800351	0.0	0.0	17	6
brit.co*	499	116.82409482268244	116.82409482268244	0.0	0.0	17	6
brit.co*	50	869.2534285230964	841.9878693028551	0.0	0.0	17	6
brit.co*	434	137.73247083621297	137.73247083621297	0.0	0.0	17	6
brit.co*	498	141.35944148091548	141.35944148091548	0.0	0.0	17	6
brit.co*	818	2234.239330151293	2019.3370517172993	1280.6630337881609	636.56104044691	17	6
brit.co*	16	36.10440946324318	36.10440946324318	0.0	0.0	17	6
brit.co*	48	534.3748635281796	491.96443874080813	0.0	0.0	17	6
brit.co*	112	1208.8364271032185	1145.9477573764746	0.0	0.0	17	6
brit.co*	144	1166.7192335668558	1128.981459392674	0.0	0.0	17	6
brit.co*	208	6106.8406036421675	5724.15557098086	0.0	0.0	17	6
brit.co*	368	632.8025528725235	632.8025528725235	0.0	0.0	17	6
brit.co*	400	743.2799770995305	670.7522716952635	0.0	0.0	17	6
brit.co*	496	216.9830668917737	216.9830668917737	0.0	0.0	17	6
brit.co*	528	16038.13086815686	15847.895327537959	5731.361333657363	3054.706518452834	17	6
brit.co*	688	3111.26916573874	3111.26916573874	0.0	0.0	17	6
brit.co*	752	7379.834432756804	7167.535098161166	0.0	0.0	17	6
brit.co*	784	7197.332901275131	6653.927272625968	2099.5230968547494	1121.1139144397723	17	6
brit.co*	270	223.7822438383143	223.7822438383143	0.0	0.0	17	6
brit.co*	398	431.30505697879704	341.3434561917331	0.0	0.0	17	6
brit.co*	462	129.87353148395476	129.87353148395476	0.0	0.0	17	6
brit.co*	558	191.81752922963054	191.81752922963054	0.0	0.0	17	6
brit.co*	686	126.15293762223621	126.15293762223621	0.0	0.0	17	6
brit.co*	12	570.9065871976782	570.9065871976782	0.0	0.0	17	6
brit.co*	44	77.35876537341427	48.34922835838391	0.0	0.0	17	6
brit.co*	76	20458.48934470446	19311.149906820086	17452.77335232482	9043.44425543666	17	6
brit.co*	268	660.5066286388407	660.5066286388407	0.0	0.0	17	6
brit.co*	300	7765.122545424149	7173.53925757233	11703.99758713177	5480.022796054811	17	6
brit.co*	364	2378.3019859450865	2378.3019859450865	0.0	0.0	17	6
brit.co*	428	1333.3636421575166	1333.3636421575166	0.0	0.0	17	6
brit.co*	492	105.45089549396386	105.45089549396386	0.0	0.0	17	6
brit.co*	524	334.93194158115693	334.93194158115693	0.0	0.0	17	6
brit.co*	620	8598.925296167152	8404.482155312508	46031.70057327748	22583.064284959826	17	6
brit.co*	716	334.98978845453826	334.98978845453826	0.0	0.0	17	6
brit.co*	780	770.2311234716608	703.0999503228655	0.0	0.0	17	6
brit.co*	203	5242.19274222914	5242.19274222914	19681.77054229649	7510.209133003812	17	7
brit.co*	170	4146.130190106362	3992.6108046147974	0.0	0.0	17	7
brit.co*	458	7729.7622310231145	7597.371165736986	17158.37718296061	7710.896990507347	17	7
brit.co*	554	18837.09559571295	18707.04894494637	16066.8589536374	8212.19356738423	17	7
brit.co*	586	4190.630371204488	4028.687213954418	0.0	0.0	17	7
brit.co*	682	3357.83410763052	3218.213982916184	6290.97151631737	2852.3525421879017	17	7
brit.co*	233	1309.6654348113152	1232.7509561027039	0.0	0.0	17	7
brit.co*	8	316.562901920693	316.562901920693	0.0	0.0	17	7
brit.co*	40	3967.1170800188775	3967.1170800188775	0.0	0.0	17	7
brit.co*	72	1000.5165169220804	657.2487618007609	0.0	0.0	17	7
brit.co*	104	172.90148896813622	172.90148896813622	0.0	0.0	17	7
brit.co*	136	1059.8980708603328	1059.8980708603328	0.0	0.0	17	7
brit.co*	360	6287.479803942006	6084.92574945491	18030.669100785308	8654.474406640791	17	7
brit.co*	392	10362.616798684188	10362.616798684188	12852.155422354368	6409.2889887448	17	7
brit.co*	616	12848.66802934888	12603.049124721498	8012.206424337096	3184.1532106706322	17	7
brit.co*	840	1243435.642675004	1186238.8883045858	1452944.483939138	1182076.8796270974	17	7
brit.co*	231	124.09056142033134	124.09056142033134	0.0	0.0	17	7
brit.co*	807	285.55989916922334	285.55989916922334	5589.170906494107	2391.1269823827724	17	7
brit.co*	70	80.90086857456329	80.90086857456329	0.0	0.0	17	7
brit.co*	422	1274.311220878083	1218.0386333722215	0.0	0.0	17	7
brit.co*	454	1622.5467577374648	1622.5467577374648	0.0	0.0	17	7
brit.co*	646	136.73619444481176	136.73619444481176	0.0	0.0	17	7
brit.co*	710	13068.791207079252	12483.359198848559	29549.385014285996	13896.14642632707	17	7
brit.co*	4	48.805461710321694	48.805461710321694	0.0	0.0	17	7
brit.co*	36	54017.176890979346	52496.11310866654	51679.75102696619	26683.58024856161	17	7
brit.co*	68	100.33953732369966	100.33953732369966	0.0	0.0	17	7
brit.co*	100	6464.720528285344	6313.853716018765	16141.503111672613	7592.905234017489	17	7
brit.co*	196	989.1001654643914	989.1001654643914	0.0	0.0	17	7
brit.co*	356	26954.115819958977	25966.371223404363	77307.79964849759	51613.687605613886	17	7
brit.co*	388	691.9703059770068	610.1361367647189	0.0	0.0	17	7
brit.co*	484	14076.118616341975	13608.642058133702	6522.855950458609	3197.8600225628566	17	7
brit.co*	516	829.4596977082911	829.4596977082911	0.0	0.0	17	7
brit.co*	580	273.2320775906529	273.2320775906529	0.0	0.0	17	7
brit.co*	740	817.0445019680313	817.0445019680313	0.0	0.0	17	7
brit.co*	804	4137.741810052675	4004.250862883303	0.0	0.0	17	7
brit.co*	643	9569.895480709973	9198.396456935494	24743.008493432357	10002.52068569582	17	7
brit.co*	258	75.99180584134321	75.99180584134321	0.0	0.0	17	7
brit.co*	578	8800.1584450401	8550.902250176952	0.0	0.0	17	7
brit.co*	642	7178.7103348130595	6962.2722411772165	7458.9665004192575	3714.3709437280863	17	7
brit.co*	834	196.01732413423136	161.68664603063326	0.0	0.0	17	7
brit.co*	417	19.854571478195723	19.854571478195723	0.0	0.0	17	7
brit.co*	705	1697.1523500858984	1697.1523500858984	0.0	0.0	17	7
brit.co*	32	4567.4642183102915	4280.685954392989	19837.084999813505	9060.665989773723	17	7
brit.co*	96	501.9373125007018	501.9373125007018	0.0	0.0	17	7
brit.co*	192	41.0132156690647	41.0132156690647	0.0	0.0	17	7
brit.co*	288	131.2911957417645	131.2911957417645	0.0	0.0	17	7
brit.co*	320	692.8847796555871	692.8847796555871	0.0	0.0	17	7
brit.co*	352	680.3507494420811	680.3507494420811	0.0	0.0	17	7
brit.co*	512	355.47532804783503	355.47532804783503	0.0	0.0	17	7
brit.co*	608	18133.297718980502	17174.56226019795	31596.9460368852	17904.497578149196	17	7
brit.co*	704	9811.765642733966	9017.68354711106	0.0	0.0	17	7
brit.co*	800	278.35524310602545	278.35524310602545	0.0	0.0	17	7
brit.co*	832	246.53478671870994	246.53478671870994	0.0	0.0	17	7
brit.co*	31	72.72625588454018	72.72625588454018	0.0	0.0	17	7
brit.co*	191	6688.624439139722	5918.123601625966	275.74391063756127	146.18077333335893	17	7
brit.co*	703	8082.033305834193	7531.019021571802	0.0	0.0	17	7
brit.co*	831	500.44589115809123	500.44589115809123	0.0	0.0	17	7
brit.co*	158	4967.04210096606	4591.93847911253	1976.5497810320246	1054.3221100431658	17	7
brit.co*	414	285.259648502624	285.259648502624	0.0	0.0	17	7
brit.co*	446	106.00648027051682	106.00648027051682	0.0	0.0	17	7
brit.co*	638	303.2998216078099	200.70427348161314	0.0	0.0	17	7
brit.co*	670	752.9474319144159	752.9474319144159	0.0	0.0	17	7
brit.co*	702	11391.196019455065	10411.006149037168	7898.1119652153975	4227.164803476615	17	7
brit.co*	862	698.362763961859	698.362763961859	0.0	0.0	17	7
brit.co*	28	573.1545731389224	573.1545731389224	0.0	0.0	17	7
brit.co*	60	144.2497926636925	144.2497926636925	0.0	0.0	17	7
brit.co*	124	118252.98888342762	114876.96438025963	113080.47689859559	59367.940504365375	17	7
brit.co*	156	2227.8803339271826	2049.37409056971	7128.335902465629	3793.2813341163583	17	7
brit.co*	188	256.23808567767105	256.23808567767105	0.0	0.0	17	7
brit.co*	348	5284.340962805615	5152.0495581795	6673.2945503788505	2899.9275810547747	17	7
brit.co*	380	11061.541842561366	10824.959305196586	0.0	0.0	17	7
brit.co*	540	132.62532056713877	132.62532056713877	0.0	0.0	17	7
brit.co*	604	3244.577878811589	2911.813096356382	238.57784747589326	127.25117637766155	17	7
brit.co*	764	9288.453283280878	7396.381556808337	0.0	0.0	17	7
brit.co*	860	460.73409020887374	358.29827212135797	0.0	0.0	17	7
brit.co*	218	630.4632811577499	630.4632811577499	241.78288964427978	129.93726312963466	17	7
brit.co*	250	17659.22873319901	17659.22873319901	18157.52920641083	9123.046136633251	17	7
brit.co*	410	1953.8333236957642	1746.7122113197777	0.0	0.0	17	7
brit.co*	442	768.9351901614491	768.9351901614491	0.0	0.0	17	7
brit.co*	474	272.5689878805738	272.5689878805738	0.0	0.0	17	7
brit.co*	634	306.1892692754726	306.1892692754726	0.0	0.0	17	7
brit.co*	826	106695.72373841163	104411.5820793456	153926.43199842132	69697.55643118727	17	7
brit.co*	858	1036.8039391513485	956.6631523602791	0.0	0.0	17	7
brit.co*	56	10434.426418228195	9802.86171335204	10889.272866714771	5786.629692066507	17	7
brit.co*	120	267.7304883218812	209.39745701209608	0.0	0.0	17	7
brit.co*	152	2321.7726472288823	2321.7726472288823	1105.6849110056614	619.7246141089033	17	7
brit.co*	344	4175.099302985604	4069.8530985949783	0.0	0.0	17	7
brit.co*	376	9273.080206824949	8957.958893515368	8743.576695739834	4097.314549909776	17	7
brit.co*	440	3654.5058177174847	3606.2942733493505	4347.553640169003	1892.5719857946287	17	7
brit.co*	504	1944.199534039665	1744.1648084318808	0.0	0.0	17	7
brit.co*	792	8250.451774314919	8077.597031278256	5829.960279675751	2949.9544968192727	17	7
brit.co*	214	455.2377748646511	455.2377748646511	3647.470837665267	1733.7640747749358	17	7
brit.co*	246	3582.350323535808	3582.350323535808	0.0	0.0	17	7
brit.co*	470	1212.0790141867928	1120.7374271117137	0.0	0.0	17	7
brit.co*	566	1102.4264616461614	1008.5611082754945	0.0	0.0	17	7
brit.co*	598	254.61835643460753	254.61835643460753	0.0	0.0	17	7
brit.co*	630	610.2463854073643	610.2463854073643	7000.674092834058	2625.829636858223	17	7
brit.co*	662	687.9393342047282	687.9393342047282	0.0	0.0	17	7
brit.co*	694	142.70653517927735	142.70653517927735	0.0	0.0	17	7
brit.co*	52	734.1211668262109	734.1211668262109	0.0	0.0	17	7
brit.co*	84	57.56488873170953	57.56488873170953	0.0	0.0	17	7
brit.co*	116	150.51507521117057	150.51507521117057	0.0	0.0	17	7
brit.co*	212	319.2620691988071	319.2620691988071	0.0	0.0	17	7
brit.co*	276	27223.497656759744	26220.522894226215	143444.31572660996	66438.55840437241	17	7
brit.co*	308	259.93278757702336	259.93278757702336	0.0	0.0	17	7
brit.co*	340	431.8807389307746	431.8807389307746	0.0	0.0	17	7
brit.co*	372	8172.520055250528	7733.8733843472955	0.0	0.0	17	7
brit.co*	404	1303.6983234054203	1168.505362151328	41066.884003046755	22035.88610207317	17	7
brit.co*	724	14610.14691485819	14253.364401683022	0.0	0.0	17	7
brit.co*	756	9502.025696352477	9502.025696352477	0.0	0.0	17	7
brit.co*	788	992.4359929662821	992.4359929662821	0.0	0.0	17	7
brit.co*	51	274.6718145176532	274.6718145176532	0.0	0.0	17	7
brit.co*	275	430.5910617063653	430.5910617063653	0.0	0.0	17	7
brit.co*	499	323.34203165352653	323.34203165352653	0.0	0.0	17	7
brit.co*	50	876.0372017522194	683.271229352317	0.0	0.0	17	7
brit.co*	242	78.28360802599934	78.28360802599934	0.0	0.0	17	7
brit.co*	498	215.81518517763234	215.81518517763234	0.0	0.0	17	7
brit.co*	818	2562.3154910586945	2441.668305691168	1731.006403044526	860.29959490197	17	7
brit.co*	850	250.94289542115865	250.94289542115865	0.0	0.0	17	7
brit.co*	48	772.022556184128	772.022556184128	0.0	0.0	17	7
brit.co*	112	1283.6225207384373	1134.9174665559262	0.0	0.0	17	7
brit.co*	144	1452.1674667505015	1357.2603346473832	0.0	0.0	17	7
brit.co*	208	5837.707519380667	5437.09962644849	0.0	0.0	17	7
brit.co*	368	141.14376614369058	141.14376614369058	0.0	0.0	17	7
brit.co*	400	256.507070652527	211.43519732789403	0.0	0.0	17	7
brit.co*	496	1321.5521311955608	1321.5521311955608	0.0	0.0	17	7
brit.co*	528	20994.752460633776	20419.547248081122	0.0	0.0	17	7
brit.co*	688	4645.855368811725	4443.757868839802	0.0	0.0	17	7
brit.co*	752	6141.122730322324	5990.171711801962	0.0	0.0	17	7
brit.co*	784	6187.305370265981	6187.305370265981	1498.6968073650937	654.9603860147242	17	7
brit.co*	591	396.74343592570733	396.74343592570733	0.0	0.0	17	7
brit.co*	398	260.18776803933605	260.18776803933605	0.0	0.0	17	7
brit.co*	462	113.17259730921609	113.17259730921609	0.0	0.0	17	7
brit.co*	558	135.90316529271746	135.90316529271746	0.0	0.0	17	7
brit.co*	12	593.4217040299854	568.7138896197204	0.0	0.0	17	7
brit.co*	44	674.877240890176	674.877240890176	0.0	0.0	17	7
brit.co*	76	14433.563567267853	13979.780389113468	3220.1335621753074	1689.3336616596225	17	7
brit.co*	268	975.5174544842254	975.5174544842254	0.0	0.0	17	7
brit.co*	300	8377.059962186899	7890.067901530603	8097.408004134239	3996.516295453543	17	7
brit.co*	332	35.89934320522273	35.89934320522273	0.0	0.0	17	7
brit.co*	364	2952.8374270622094	2690.6786196140984	0.0	0.0	17	7
brit.co*	428	1744.158114191531	1660.043616564647	0.0	0.0	17	7
brit.co*	524	429.6889295153535	401.00061395846967	0.0	0.0	17	7
brit.co*	620	9464.937057115549	9046.934023443917	11665.975700111392	6172.120952261753	17	7
brit.co*	716	491.2657217268904	442.93245468434355	0.0	0.0	17	7
brit.co*	780	1538.221691221113	1444.8959250881023	0.0	0.0	17	7
