site	country	dvisits	dusers	mvisits	musers	year	month
jobs.theguardian.com	124	5160.356121	5080.216282	6729.922291	710.3615971	16	10
jobs.theguardian.com	156	166.0242108	166.0242108	0	0	16	10
jobs.theguardian.com	188	246.5216927	246.5216927	0	0	16	10
jobs.theguardian.com	348	1197.775172	1122.217097	2027.542346	310.2936683	16	10
jobs.theguardian.com	380	5951.33343	5826.491957	1561.548213	149.934978	16	10
jobs.theguardian.com	764	2189.020734	2069.481227	0	0	16	10
jobs.theguardian.com	218	586.3421196	586.3421196	0	0	16	10
jobs.theguardian.com	250	9876.172769	8965.452358	6236.428705	784.4374287	16	10
jobs.theguardian.com	410	627.7008018	517.2618865	65.05385916	1.7908242	16	10
jobs.theguardian.com	634	1498.117696	1468.28701	0	0	16	10
jobs.theguardian.com	826	921128.4719	848945.3183	628512.7114	489456.3686	16	10
jobs.theguardian.com	858	281.4693765	281.4693765	0	0	16	10
jobs.theguardian.com	56	3572.437251	3246.796683	0	0	16	10
jobs.theguardian.com	120	230.5716403	230.5716403	0	0	16	10
jobs.theguardian.com	152	1427.195104	1318.09419	732.4167205	108.8941152	16	10
jobs.theguardian.com	184	358.592419	358.592419	0	0	16	10
jobs.theguardian.com	344	4018.676134	3665.359717	3091.672452	693.590938	16	10
jobs.theguardian.com	376	2450.175344	2144.147179	520.9226688	260.4613344	16	10
jobs.theguardian.com	440	628.9647793	628.9647793	0	0	16	10
jobs.theguardian.com	504	687.2643977	513.9891988	0	0	16	10
jobs.theguardian.com	600	107.4744654	107.4744654	0	0	16	10
jobs.theguardian.com	760	506.0862497	253.9317682	0	0	16	10
jobs.theguardian.com	792	9978.19311	9453.501659	7667.430951	1219.824015	16	10
jobs.theguardian.com	887	47.74041252	47.74041252	0	0	16	10
jobs.theguardian.com	214	213.9175418	213.9175418	0	0	16	10
jobs.theguardian.com	246	955.6394966	900.1050605	0	0	16	10
jobs.theguardian.com	470	1540.684428	1248.93799	0	0	16	10
jobs.theguardian.com	566	1813.404945	1700.582855	0	0	16	10
jobs.theguardian.com	854	167.305357	167.305357	0	0	16	10
jobs.theguardian.com	84	79.67487445	79.67487445	0	0	16	10
jobs.theguardian.com	116	117.1212729	117.1212729	0	0	16	10
jobs.theguardian.com	276	6565.551707	6023.400002	4076.269141	751.9601742	16	10
jobs.theguardian.com	372	17077.9817	12880.9638	0	0	16	10
jobs.theguardian.com	404	2652.141072	2560.713308	8609.33687	1168.404955	16	10
jobs.theguardian.com	724	10326.88516	10083.84315	3855.877337	243.7780825	16	10
jobs.theguardian.com	756	4778.367087	4309.547594	5275.563623	802.3835007	16	10
jobs.theguardian.com	788	2099.973762	1899.657116	0	0	16	10
jobs.theguardian.com	275	60.43170547	60.43170547	0	0	16	10
jobs.theguardian.com	50	1485.909047	1439.202618	0	0	16	10
jobs.theguardian.com	434	49.13326998	49.13326998	0	0	16	10
jobs.theguardian.com	466	179.2801906	179.2801906	0	0	16	10
jobs.theguardian.com	498	1056.974304	602.3022597	0	0	16	10
jobs.theguardian.com	626	10.46450706	10.46450706	0	0	16	10
jobs.theguardian.com	690	933.1160221	744.3730909	0	0	16	10
jobs.theguardian.com	818	3463.215572	3371.539037	1101.486632	409.3154139	16	10
jobs.theguardian.com	112	167.3727788	135.3187553	0	0	16	10
jobs.theguardian.com	144	1532.16849	1451.387664	0	0	16	10
jobs.theguardian.com	208	3230.057608	2783.973287	0	0	16	10
jobs.theguardian.com	368	322.2130933	322.2130933	0	0	16	10
jobs.theguardian.com	400	1111.485514	1002.481682	0	0	16	10
jobs.theguardian.com	528	4435.099647	4146.211798	0	0	16	10
jobs.theguardian.com	688	1169.584637	999.8882365	0	0	16	10
jobs.theguardian.com	752	3192.43559	2851.678195	0	0	16	10
jobs.theguardian.com	784	15571.78008	14515.35107	6955.448897	2765.645394	16	10
jobs.theguardian.com	398	370.394133	313.4251687	0	0	16	10
jobs.theguardian.com	430	63.71504654	63.71504654	0	0	16	10
jobs.theguardian.com	462	177.7535482	177.7535482	0	0	16	10
jobs.theguardian.com	12	580.9397569	548.023524	0	0	16	10
jobs.theguardian.com	44	234.6730954	234.6730954	0	0	16	10
jobs.theguardian.com	76	2813.325878	2813.325878	901.2118126	95.4391683	16	10
jobs.theguardian.com	204	770.3962903	770.3962903	0	0	16	10
jobs.theguardian.com	268	243.8566913	243.8566913	0	0	16	10
jobs.theguardian.com	300	13039.3968	8844.088401	5127.322445	1283.682891	16	10
jobs.theguardian.com	364	973.7595312	926.7222694	0	0	16	10
jobs.theguardian.com	428	561.8952091	561.8952091	0	0	16	10
jobs.theguardian.com	620	2204.65245	2204.65245	3616.465285	669.4714836	16	10
jobs.theguardian.com	716	854.2311906	854.2311906	0	0	16	10
jobs.theguardian.com	780	741.2603754	631.3185968	0	0	16	10
jobs.theguardian.com	203	1957.151369	1837.033318	0	0	16	10
jobs.theguardian.com	170	569.6701722	569.6701722	0	0	16	10
jobs.theguardian.com	426	7632.042846	5157.375693	0	0	16	10
jobs.theguardian.com	458	3866.183079	3671.242417	2277.14957	449.0264058	16	10
jobs.theguardian.com	554	2364.99111	2230.265639	5813.324391	1132.408182	16	10
jobs.theguardian.com	586	5937.065573	5799.769232	0	0	16	10
jobs.theguardian.com	682	3998.715222	3773.141141	1379.271067	231.5171609	16	10
jobs.theguardian.com	233	871.5367552	700.6733376	0	0	16	10
jobs.theguardian.com	8	249.8662255	249.8662255	0	0	16	10
jobs.theguardian.com	40	1062.896374	1062.896374	3125.46349	474.5136303	16	10
jobs.theguardian.com	72	684.01504	684.01504	0	0	16	10
jobs.theguardian.com	104	60.03021773	60.03021773	0	0	16	10
jobs.theguardian.com	360	3256.356786	2764.480873	1113.317691	112.4437537	16	10
jobs.theguardian.com	392	4658.489055	4460.701117	0	0	16	10
jobs.theguardian.com	616	3937.915771	3860.037042	1472.372803	158.4923515	16	10
jobs.theguardian.com	840	30055.28873	28669.44868	20837.10613	1674.489001	16	10
jobs.theguardian.com	231	586.9119746	586.9119746	0	0	16	10
jobs.theguardian.com	807	339.1064105	339.1064105	0	0	16	10
jobs.theguardian.com	999	1218474.555	1120774.515	770806.5453	520269.3486	16	10
jobs.theguardian.com	70	224.2026364	224.2026364	0	0	16	10
jobs.theguardian.com	262	476.5973796	476.5973796	0	0	16	10
jobs.theguardian.com	422	658.205622	658.205622	0	0	16	10
jobs.theguardian.com	454	348.1381165	348.1381165	0	0	16	10
jobs.theguardian.com	646	718.3275603	393.5813383	0	0	16	10
jobs.theguardian.com	710	5370.920862	5033.785602	6894.183162	3337.989098	16	10
jobs.theguardian.com	36	6341.880679	6115.748268	0	0	16	10
jobs.theguardian.com	100	1176.870405	1065.082551	372.0930437	33.99832368	16	10
jobs.theguardian.com	196	1125.313149	1064.767362	0	0	16	10
jobs.theguardian.com	356	14433.79695	14008.21749	14697.05941	8143.498832	16	10
jobs.theguardian.com	388	938.636878	865.7100293	0	0	16	10
jobs.theguardian.com	484	1627.704017	1627.704017	579.6534641	50.05420327	16	10
jobs.theguardian.com	516	1126.135754	1043.292881	0	0	16	10
jobs.theguardian.com	804	1266.183008	1196.619853	220.5957719	0	16	10
jobs.theguardian.com	643	1954.521506	1830.577475	1753.659527	267.1487154	16	10
jobs.theguardian.com	578	374.0419922	374.0419922	0	0	16	10
jobs.theguardian.com	642	1762.972613	1655.607485	3001.066926	549.0986735	16	10
jobs.theguardian.com	706	72.9965616	72.9965616	0	0	16	10
jobs.theguardian.com	834	691.5823442	665.2476916	0	0	16	10
jobs.theguardian.com	705	246.3849676	246.3849676	0	0	16	10
jobs.theguardian.com	833	717.9853159	717.9853159	0	0	16	10
jobs.theguardian.com	32	943.4962468	943.4962468	611.7809339	88.27331255	16	10
jobs.theguardian.com	96	118.5581272	118.5581272	0	0	16	10
jobs.theguardian.com	288	563.6612159	563.6612159	0	0	16	10
jobs.theguardian.com	320	391.4298268	391.4298268	0	0	16	10
jobs.theguardian.com	352	101.1934045	101.1934045	0	0	16	10
jobs.theguardian.com	384	47.97809127	47.97809127	0	0	16	10
jobs.theguardian.com	480	750.2722444	750.2722444	0	0	16	10
jobs.theguardian.com	512	702.1673012	702.1673012	0	0	16	10
jobs.theguardian.com	608	3001.426764	3001.426764	2469.548909	1004.966236	16	10
jobs.theguardian.com	704	6532.098567	6174.160627	2227.600279	244.550101	16	10
jobs.theguardian.com	736	656.060776	656.060776	0	0	16	10
jobs.theguardian.com	768	148.1678707	148.1678707	0	0	16	10
jobs.theguardian.com	800	378.8821404	378.8821404	0	0	16	10
jobs.theguardian.com	31	532.9891567	532.9891567	0	0	16	10
jobs.theguardian.com	191	1821.10578	1765.141409	936.4666541	126.5324511	16	10
jobs.theguardian.com	703	360.1656347	360.1656347	0	0	16	10
jobs.theguardian.com	158	891.6879946	891.6879946	0	0	16	10
jobs.theguardian.com	414	283.4058849	283.4058849	0	0	16	10
jobs.theguardian.com	702	2963.539066	2886.845157	4360.200375	304.3096474	16	10
jobs.theguardian.com	862	444.3326141	444.3326141	0	0	16	10
jobs.theguardian.com	894	188.0074779	188.0074779	0	0	16	10
jobs.theguardian.com	28	356.7712732	356.7712732	0	0	16	11
jobs.theguardian.com	60	194.3313016	194.3313016	0	0	16	11
jobs.theguardian.com	124	6854.498172	6604.525965	0	0	16	11
jobs.theguardian.com	156	473.3553884	448.1353361	0	0	16	11
jobs.theguardian.com	348	307.495511	307.495511	0	0	16	11
jobs.theguardian.com	380	6282.4152	5777.060204	1301.148661	0	16	11
jobs.theguardian.com	604	362.1650929	362.1650929	0	0	16	11
jobs.theguardian.com	764	2670.792969	2300.894269	0	0	16	11
jobs.theguardian.com	860	158.8279829	158.8279829	0	0	16	11
jobs.theguardian.com	250	12960.04654	12264.44611	6638.67368	969.6622534	16	11
jobs.theguardian.com	410	399.2122076	399.2122076	321.1092365	41.70744993	16	11
jobs.theguardian.com	442	218.0246618	218.0246618	0	0	16	11
jobs.theguardian.com	634	1747.030346	1720.855934	0	0	16	11
jobs.theguardian.com	826	843854.0054	781749.8083	515211.3889	418777.2929	16	11
jobs.theguardian.com	56	2679.94736	2417.903357	6842.130833	2154.676306	16	11
jobs.theguardian.com	120	115.5164732	115.5164732	0	0	16	11
jobs.theguardian.com	152	436.9009815	436.9009815	746.6554666	98.05049384	16	11
jobs.theguardian.com	344	2306.959355	2186.789695	7720.066903	1202.57151	16	11
jobs.theguardian.com	376	971.322631	915.0132786	1882.097333	97.59974999	16	11
jobs.theguardian.com	440	953.7159569	953.7159569	0	0	16	11
jobs.theguardian.com	504	1007.929286	1007.929286	0	0	16	11
jobs.theguardian.com	760	1163.403658	931.7607867	0	0	16	11
jobs.theguardian.com	792	6640.613657	6168.359554	3716.920971	826.5543825	16	11
jobs.theguardian.com	246	756.0891695	700.4692829	0	0	16	11
jobs.theguardian.com	470	1836.792052	1638.61167	0	0	16	11
jobs.theguardian.com	566	1774.625815	1556.894755	0	0	16	11
jobs.theguardian.com	662	812.6698618	812.6698618	0	0	16	11
jobs.theguardian.com	694	225.6189184	225.6189184	0	0	16	11
jobs.theguardian.com	52	563.9125385	563.9125385	0	0	16	11
jobs.theguardian.com	116	105.0921415	105.0921415	0	0	16	11
jobs.theguardian.com	276	4005.360148	3709.847965	2377.51256	442.8973461	16	11
jobs.theguardian.com	340	102.4295931	102.4295931	0	0	16	11
jobs.theguardian.com	372	7159.850137	6812.466242	0	0	16	11
jobs.theguardian.com	404	1829.641699	1784.303804	0	0	16	11
jobs.theguardian.com	724	11495.75965	11145.41098	0	0	16	11
jobs.theguardian.com	756	3982.593698	3982.593698	497.9758971	0	16	11
jobs.theguardian.com	788	1136.376975	1136.376975	0	0	16	11
jobs.theguardian.com	51	216.8097822	216.8097822	0	0	16	11
jobs.theguardian.com	50	1043.484787	1013.011668	0	0	16	11
jobs.theguardian.com	242	86.00513637	86.00513637	0	0	16	11
jobs.theguardian.com	434	181.5259352	139.7153998	0	0	16	11
jobs.theguardian.com	498	93.85633348	93.85633348	0	0	16	11
jobs.theguardian.com	818	2793.720348	2724.822381	1008.817577	364.7753674	16	11
jobs.theguardian.com	48	749.6139892	749.6139892	0	0	16	11
jobs.theguardian.com	112	39.02401759	39.02401759	0	0	16	11
jobs.theguardian.com	144	930.3597415	930.3597415	0	0	16	11
jobs.theguardian.com	208	1943.86549	1839.344282	0	0	16	11
jobs.theguardian.com	368	197.8715863	197.8715863	0	0	16	11
jobs.theguardian.com	400	244.8961375	244.8961375	0	0	16	11
jobs.theguardian.com	496	24.8744915	24.8744915	0	0	16	11
jobs.theguardian.com	528	6931.318013	6334.638513	4890.780845	888.6566934	16	11
jobs.theguardian.com	688	443.5032525	414.095077	0	0	16	11
jobs.theguardian.com	752	2169.342337	2004.109626	0	0	16	11
jobs.theguardian.com	784	16990.34428	16235.63405	4841.651964	1539.223252	16	11
jobs.theguardian.com	398	162.7295061	162.7295061	0	0	16	11
jobs.theguardian.com	558	354.1513985	354.1513985	0	0	16	11
jobs.theguardian.com	686	553.2485067	553.2485067	0	0	16	11
jobs.theguardian.com	12	1284.809695	1284.809695	0	0	16	11
jobs.theguardian.com	76	1378.99116	1378.99116	0	0	16	11
jobs.theguardian.com	268	378.1048659	378.1048659	0	0	16	11
jobs.theguardian.com	300	9923.873173	8109.584823	2345.289567	342.5830155	16	11
jobs.theguardian.com	364	1404.405281	1404.405281	0	0	16	11
jobs.theguardian.com	428	473.6891797	473.6891797	393.1832191	53.14770516	16	11
jobs.theguardian.com	524	219.1834276	219.1834276	0	0	16	11
jobs.theguardian.com	620	3019.647896	2612.195089	2907.396695	478.9803445	16	11
jobs.theguardian.com	716	1509.488736	1411.686854	0	0	16	11
jobs.theguardian.com	748	465.4429222	290.9018264	0	0	16	11
jobs.theguardian.com	780	343.8218995	343.8218995	0	0	16	11
jobs.theguardian.com	203	439.0453929	439.0453929	0	0	16	11
jobs.theguardian.com	170	428.0955566	428.0955566	748.9216723	97.19242591	16	11
jobs.theguardian.com	426	10597.73564	8220.231721	0	0	16	11
jobs.theguardian.com	458	3266.720811	3205.899762	2522.028316	587.2657817	16	11
jobs.theguardian.com	554	2220.105905	2161.417663	5368.487657	497.5305559	16	11
jobs.theguardian.com	586	3669.842786	3574.920112	0	0	16	11
jobs.theguardian.com	682	2311.151866	2211.451465	2390.567903	677.4497665	16	11
jobs.theguardian.com	233	138.1177699	113.7015889	0	0	16	11
jobs.theguardian.com	8	78.5474697	78.5474697	0	0	16	11
jobs.theguardian.com	40	2026.773514	1811.04829	0	0	16	11
jobs.theguardian.com	72	858.2311935	744.5388715	0	0	16	11
jobs.theguardian.com	328	90.23326061	90.23326061	0	0	16	11
jobs.theguardian.com	360	2057.609102	2000.182094	1104.464827	76.4393564	16	11
jobs.theguardian.com	392	1210.55053	1069.208728	0	0	16	11
jobs.theguardian.com	616	5190.53928	4841.924275	0	0	16	11
jobs.theguardian.com	840	39319.40982	36868.13715	21304.63106	2585.945463	16	11
jobs.theguardian.com	231	192.78666	192.78666	0	0	16	11
jobs.theguardian.com	807	362.4939205	362.4939205	0	0	16	11
jobs.theguardian.com	999	1126121.416	1045912.561	647161.6559	447020.643	16	11
jobs.theguardian.com	70	476.7030283	476.7030283	0	0	16	11
jobs.theguardian.com	422	669.4888133	669.4888133	0	0	16	11
jobs.theguardian.com	646	284.1773945	284.1773945	0	0	16	11
jobs.theguardian.com	710	4507.161879	4325.777217	4642.70809	2106.330797	16	11
jobs.theguardian.com	4	121.9003486	121.9003486	0	0	16	11
jobs.theguardian.com	36	4916.194909	4818.590721	22864.02976	3479.34134	16	11
jobs.theguardian.com	100	1492.283388	1433.315235	445.8766003	38.75013763	16	11
jobs.theguardian.com	196	957.267857	859.6079386	0	0	16	11
jobs.theguardian.com	356	18926.39834	18031.77844	13116.30238	7069.29105	16	11
jobs.theguardian.com	388	156.5765109	156.5765109	0	0	16	11
jobs.theguardian.com	484	1073.8987	968.7191257	0	0	16	11
jobs.theguardian.com	804	1663.336753	1585.283924	0	0	16	11
jobs.theguardian.com	643	2505.710107	2379.702612	911.4371653	93.88908569	16	11
jobs.theguardian.com	578	467.3121829	467.3121829	0	0	16	11
jobs.theguardian.com	642	2874.588891	2648.299842	1485.840943	172.2270225	16	11
jobs.theguardian.com	706	125.3847351	83.21401844	0	0	16	11
jobs.theguardian.com	834	7300.961434	6666.428459	0	0	16	11
jobs.theguardian.com	417	23.59044204	23.59044204	0	0	16	11
jobs.theguardian.com	705	411.48243	411.48243	0	0	16	11
jobs.theguardian.com	32	1016.043035	878.7661937	0	0	16	11
jobs.theguardian.com	96	72.03269357	72.03269357	0	0	16	11
jobs.theguardian.com	288	608.3610762	538.8542117	0	0	16	11
jobs.theguardian.com	352	119.6255022	119.6255022	0	0	16	11
jobs.theguardian.com	384	130.1276321	130.1276321	0	0	16	11
jobs.theguardian.com	480	472.1970069	472.1970069	0	0	16	11
jobs.theguardian.com	512	897.745625	780.6586743	0	0	16	11
jobs.theguardian.com	608	2148.338918	2148.338918	1878.570698	798.8960917	16	11
jobs.theguardian.com	704	3345.017458	3240.023387	2075.432407	202.6233297	16	11
jobs.theguardian.com	736	174.060609	118.1608081	0	0	16	11
jobs.theguardian.com	800	1012.212867	1012.212867	0	0	16	11
jobs.theguardian.com	832	55.94710289	55.94710289	0	0	16	11
jobs.theguardian.com	31	503.3096904	458.4241347	0	0	16	11
jobs.theguardian.com	191	1166.552838	1062.542799	492.956439	59.62172661	16	11
jobs.theguardian.com	703	323.7111853	323.7111853	0	0	16	11
jobs.theguardian.com	158	1045.140725	971.310849	1410.189489	199.4703447	16	11
jobs.theguardian.com	254	115.5735979	115.5735979	0	0	16	11
jobs.theguardian.com	414	322.7617039	322.7617039	0	0	16	11
jobs.theguardian.com	446	98.32425299	98.32425299	0	0	16	11
jobs.theguardian.com	702	2264.215015	2264.215015	756.410198	0	16	11
jobs.theguardian.com	862	452.8573325	452.8573325	0	0	16	11
jobs.theguardian.com	894	910.754372	910.754372	0	0	16	11
jobs.theguardian.com	60	178.5565519	178.5565519	0	0	16	12
jobs.theguardian.com	124	4421.497664	4421.497664	0	0	16	12
jobs.theguardian.com	156	730.6149485	688.088078	0	0	16	12
jobs.theguardian.com	188	115.89013	115.89013	0	0	16	12
jobs.theguardian.com	348	949.453032	949.453032	0	0	16	12
jobs.theguardian.com	380	5279.06371	5026.173911	11056.18135	2181.858974	16	12
jobs.theguardian.com	604	114.3602709	114.3602709	0	0	16	12
jobs.theguardian.com	764	2088.501845	2088.501845	0	0	16	12
jobs.theguardian.com	860	104.0214663	104.0214663	0	0	16	12
jobs.theguardian.com	250	7359.36294	7235.354892	5277.1786	902.24881	16	12
jobs.theguardian.com	410	857.1705009	857.1705009	0	0	16	12
jobs.theguardian.com	442	172.8624546	172.8624546	0	0	16	12
jobs.theguardian.com	634	2737.198008	2258.427747	0	0	16	12
jobs.theguardian.com	826	650520.9868	605757.1799	526111.1861	371056.392	16	12
jobs.theguardian.com	858	286.3833717	286.3833717	0	0	16	12
jobs.theguardian.com	56	5891.267862	5596.332951	2105.380717	0	16	12
jobs.theguardian.com	120	172.0705904	172.0705904	0	0	16	12
jobs.theguardian.com	152	323.0036786	323.0036786	0	0	16	12
jobs.theguardian.com	344	1655.07084	1605.333667	514.5976786	0	16	12
jobs.theguardian.com	376	994.3264481	904.1643004	539.6793816	53.67281058	16	12
jobs.theguardian.com	440	349.2344256	349.2344256	654.8658724	99.06200723	16	12
jobs.theguardian.com	504	1202.641517	1202.641517	0	0	16	12
jobs.theguardian.com	600	451.2850735	451.2850735	0	0	16	12
jobs.theguardian.com	792	4387.326208	3978.792707	1631.97721	318.8652721	16	12
jobs.theguardian.com	214	319.401769	319.401769	0	0	16	12
jobs.theguardian.com	246	594.4835042	594.4835042	0	0	16	12
jobs.theguardian.com	470	1100.48258	1100.48258	0	0	16	12
jobs.theguardian.com	566	1896.171928	1737.609975	0	0	16	12
jobs.theguardian.com	598	789.5652174	789.5652174	0	0	16	12
jobs.theguardian.com	854	137.6867054	137.6867054	0	0	16	12
jobs.theguardian.com	20	164.1793861	164.1793861	0	0	16	12
jobs.theguardian.com	116	31.0707946	31.0707946	0	0	16	12
jobs.theguardian.com	276	4172.021795	3721.367969	1085.414587	0	16	12
jobs.theguardian.com	372	5491.857191	5409.679851	0	0	16	12
jobs.theguardian.com	404	2052.9634	1953.358312	0	0	16	12
jobs.theguardian.com	724	10813.42187	9914.434426	9110.648486	1293.753601	16	12
jobs.theguardian.com	756	4356.960017	4288.677635	0	0	16	12
jobs.theguardian.com	788	680.9948086	602.3398759	0	0	16	12
jobs.theguardian.com	51	62.40323888	62.40323888	0	0	16	12
jobs.theguardian.com	499	150.0099083	150.0099083	0	0	16	12
jobs.theguardian.com	50	872.2665129	855.1990852	0	0	16	12
jobs.theguardian.com	242	435.3155677	435.3155677	0	0	16	12
jobs.theguardian.com	434	65.52096856	65.52096856	0	0	16	12
jobs.theguardian.com	498	62.71225809	62.71225809	0	0	16	12
jobs.theguardian.com	690	164.1080232	164.1080232	0	0	16	12
jobs.theguardian.com	818	2740.252812	2670.433272	575.0924776	132.6156021	16	12
jobs.theguardian.com	48	862.4492745	862.4492745	0	0	16	12
jobs.theguardian.com	112	135.8742101	135.8742101	0	0	16	12
jobs.theguardian.com	144	926.203815	926.203815	0	0	16	12
jobs.theguardian.com	208	780.2488964	780.2488964	0	0	16	12
jobs.theguardian.com	368	235.6809538	156.474871	0	0	16	12
jobs.theguardian.com	400	591.9116544	591.9116544	0	0	16	12
jobs.theguardian.com	496	138.0388354	138.0388354	0	0	16	12
jobs.theguardian.com	528	5001.907528	4782.346887	4668.411294	363.0285405	16	12
jobs.theguardian.com	688	736.1384127	650.9441777	0	0	16	12
jobs.theguardian.com	752	1138.827086	1014.669298	0	0	16	12
jobs.theguardian.com	784	12717.01679	12029.78288	4867.040907	1411.98065	16	12
jobs.theguardian.com	270	440.4281466	440.4281466	0	0	16	12
jobs.theguardian.com	398	437.3954909	337.7798584	0	0	16	12
jobs.theguardian.com	462	56.06065608	56.06065608	0	0	16	12
jobs.theguardian.com	12	247.4477116	247.4477116	0	0	16	12
jobs.theguardian.com	44	197.420405	197.420405	0	0	16	12
jobs.theguardian.com	76	1207.19076	1117.798177	0	0	16	12
jobs.theguardian.com	300	6617.2578	5368.996575	3749.611009	963.1856651	16	12
jobs.theguardian.com	364	1261.149478	1261.149478	0	0	16	12
jobs.theguardian.com	428	328.5179149	301.7873318	0	0	16	12
jobs.theguardian.com	524	164.1735523	164.1735523	0	0	16	12
jobs.theguardian.com	620	3526.827748	3254.708691	995.9609813	497.9804906	16	12
jobs.theguardian.com	716	863.0088945	863.0088945	0	0	16	12
jobs.theguardian.com	780	909.1324044	687.4394498	0	0	16	12
jobs.theguardian.com	203	864.3384356	808.3926548	0	0	16	12
jobs.theguardian.com	170	741.5681083	741.5681083	0	0	16	12
jobs.theguardian.com	426	2977.454048	2977.454048	0	0	16	12
jobs.theguardian.com	458	3153.916149	3120.940611	1544.570252	175.3008031	16	12
jobs.theguardian.com	554	1479.130278	1418.997183	5151.255184	727.270663	16	12
jobs.theguardian.com	586	3725.628307	3673.27368	0	0	16	12
jobs.theguardian.com	682	3771.905637	3546.9364	2062.816963	605.3231061	16	12
jobs.theguardian.com	233	211.5580067	188.7839401	0	0	16	12
jobs.theguardian.com	40	1737.987672	1621.529773	0	0	16	12
jobs.theguardian.com	72	228.9876293	228.9876293	0	0	16	12
jobs.theguardian.com	104	26.01744444	26.01744444	0	0	16	12
jobs.theguardian.com	360	1269.017361	1269.017361	248.0529376	0	16	12
jobs.theguardian.com	392	2984.11249	2779.886278	0	0	16	12
jobs.theguardian.com	616	5720.260064	4990.725781	5286.128067	1409.381922	16	12
jobs.theguardian.com	840	28354.78253	27674.87905	49458.79239	10164.31191	16	12
jobs.theguardian.com	231	488.3635173	488.3635173	0	0	16	12
jobs.theguardian.com	807	167.4799826	142.6318269	0	0	16	12
jobs.theguardian.com	999	882940.6712	826938.7518	657578.7725	401255.8643	16	12
jobs.theguardian.com	70	76.74119308	76.74119308	0	0	16	12
jobs.theguardian.com	262	580.4299554	580.4299554	0	0	16	12
jobs.theguardian.com	422	501.723505	501.723505	0	0	16	12
jobs.theguardian.com	454	569.4977947	569.4977947	0	0	16	12
jobs.theguardian.com	646	276.6349134	276.6349134	0	0	16	12
jobs.theguardian.com	710	5192.012587	4669.171008	3719.391448	1688.742474	16	12
jobs.theguardian.com	4	3592.707711	3592.707711	0	0	16	12
jobs.theguardian.com	36	3406.084894	3406.084894	0	0	16	12
jobs.theguardian.com	100	647.1862975	647.1862975	0	0	16	12
jobs.theguardian.com	196	261.909342	201.2463319	0	0	16	12
jobs.theguardian.com	356	12871.58867	12567.70414	11014.39078	5769.606282	16	12
jobs.theguardian.com	388	1173.449267	1173.449267	0	0	16	12
jobs.theguardian.com	484	2475.435294	2357.071089	0	0	16	12
jobs.theguardian.com	516	205.0680237	205.0680237	0	0	16	12
jobs.theguardian.com	804	609.7320792	597.4556767	750.7459628	106.8425671	16	12
jobs.theguardian.com	643	2327.928554	2135.398874	2734.162738	612.229912	16	12
jobs.theguardian.com	578	806.0662306	806.0662306	0	0	16	12
jobs.theguardian.com	642	2121.126309	2069.871743	607.9560203	46.4238886	16	12
jobs.theguardian.com	706	59.57062879	59.57062879	0	0	16	12
jobs.theguardian.com	834	3067.420697	3067.420697	0	0	16	12
jobs.theguardian.com	705	195.6175246	195.6175246	0	0	16	12
jobs.theguardian.com	32	362.0430192	362.0430192	185.1468255	46.12136112	16	12
jobs.theguardian.com	96	792.3904715	792.3904715	0	0	16	12
jobs.theguardian.com	288	546.3368201	503.465275	0	0	16	12
jobs.theguardian.com	480	218.003992	218.003992	0	0	16	12
jobs.theguardian.com	512	530.2912949	530.2912949	0	0	16	12
jobs.theguardian.com	608	2973.633246	2838.009913	1252.101685	428.5938735	16	12
jobs.theguardian.com	704	3126.914137	2799.265616	0	0	16	12
jobs.theguardian.com	736	108.7869128	108.7869128	0	0	16	12
jobs.theguardian.com	800	1739.814569	1456.282409	0	0	16	12
jobs.theguardian.com	31	216.6202521	216.6202521	0	0	16	12
jobs.theguardian.com	191	1248.509219	1197.369015	620.034605	201.0710504	16	12
jobs.theguardian.com	703	544.2399734	544.2399734	0	0	16	12
jobs.theguardian.com	158	1032.494722	1032.494722	0	0	16	12
jobs.theguardian.com	414	78.02783855	78.02783855	0	0	16	12
jobs.theguardian.com	638	142.3964338	142.3964338	0	0	16	12
jobs.theguardian.com	702	1572.662269	1459.839282	0	0	16	12
jobs.theguardian.com	894	770.7578352	770.7578352	0	0	16	12
jobs.theguardian.com	28	317.9797949	317.9797949	0	0	17	1
jobs.theguardian.com	60	220.5079363	220.5079363	0	0	17	1
jobs.theguardian.com	124	7424.634752	7225.484385	0	0	17	1
jobs.theguardian.com	156	280.9833633	280.9833633	0	0	17	1
jobs.theguardian.com	348	1682.429373	1602.643553	0	0	17	1
jobs.theguardian.com	380	10896.06094	10485.17324	5254.983533	1018.832846	17	1
jobs.theguardian.com	604	875.5219417	799.9212511	0	0	17	1
jobs.theguardian.com	764	3785.759391	3344.505333	0	0	17	1
jobs.theguardian.com	860	65.5404754	65.5404754	0	0	17	1
jobs.theguardian.com	250	10600.87565	9885.050046	0	0	17	1
jobs.theguardian.com	410	950.7750978	950.7750978	1449.405075	203.1492374	17	1
jobs.theguardian.com	442	877.1544274	669.022839	0	0	17	1
jobs.theguardian.com	634	2529.264291	2497.210559	0	0	17	1
jobs.theguardian.com	826	938107.0039	877515.3043	766852.6318	618492.4668	17	1
jobs.theguardian.com	56	5059.465574	4408.613928	0	0	17	1
jobs.theguardian.com	120	255.5013007	255.5013007	0	0	17	1
jobs.theguardian.com	152	386.2874114	386.2874114	0	0	17	1
jobs.theguardian.com	344	3212.324398	3149.388216	2350.122716	370.0220031	17	1
jobs.theguardian.com	376	1524.178642	1469.228583	598.3670282	75.4763353	17	1
jobs.theguardian.com	440	1127.99995	1127.99995	0	0	17	1
jobs.theguardian.com	504	873.6820574	799.2811353	0	0	17	1
jobs.theguardian.com	760	70.1996738	70.1996738	0	0	17	1
jobs.theguardian.com	792	6057.81256	5762.930961	3864.510144	1499.375678	17	1
jobs.theguardian.com	246	1439.117204	1439.117204	0	0	17	1
jobs.theguardian.com	470	936.3290857	878.7363831	0	0	17	1
jobs.theguardian.com	566	2436.835771	2106.561752	0	0	17	1
jobs.theguardian.com	598	477.7097902	477.7097902	0	0	17	1
jobs.theguardian.com	630	1557.512364	1557.512364	0	0	17	1
jobs.theguardian.com	854	160.1834985	160.1834985	0	0	17	1
jobs.theguardian.com	533	101.296369	101.296369	0	0	17	1
jobs.theguardian.com	84	157.266895	157.266895	0	0	17	1
jobs.theguardian.com	116	28.38322701	28.38322701	0	0	17	1
jobs.theguardian.com	212	89.07777469	89.07777469	0	0	17	1
jobs.theguardian.com	276	8017.011524	7327.277458	6228.065186	1046.781336	17	1
jobs.theguardian.com	308	44.99017266	44.99017266	0	0	17	1
jobs.theguardian.com	372	8073.803155	7387.994205	0	0	17	1
jobs.theguardian.com	404	1754.536139	1725.386293	0	0	17	1
jobs.theguardian.com	724	10188.19286	9776.488081	0	0	17	1
jobs.theguardian.com	756	5453.227058	5186.490151	0	0	17	1
jobs.theguardian.com	788	926.4531339	856.8478017	0	0	17	1
jobs.theguardian.com	51	161.5838771	161.5838771	0	0	17	1
jobs.theguardian.com	275	179.267611	136.1242135	0	0	17	1
jobs.theguardian.com	50	856.5528823	830.2052079	0	0	17	1
jobs.theguardian.com	242	92.94575092	92.94575092	0	0	17	1
jobs.theguardian.com	434	763.1947087	564.2436307	0	0	17	1
jobs.theguardian.com	498	91.23061216	91.23061216	0	0	17	1
jobs.theguardian.com	818	3158.983866	3012.194201	940.4552693	257.4323111	17	1
jobs.theguardian.com	48	417.3976188	417.3976188	0	0	17	1
jobs.theguardian.com	112	262.3905236	262.3905236	0	0	17	1
jobs.theguardian.com	144	1825.482815	1825.482815	0	0	17	1
jobs.theguardian.com	208	614.2274261	614.2274261	0	0	17	1
jobs.theguardian.com	400	522.5245412	522.5245412	0	0	17	1
jobs.theguardian.com	496	183.2077263	183.2077263	0	0	17	1
jobs.theguardian.com	528	7372.763577	6650.368415	5263.763454	867.3294906	17	1
jobs.theguardian.com	688	1222.588278	1174.550369	0	0	17	1
jobs.theguardian.com	752	2220.921159	2220.921159	0	0	17	1
jobs.theguardian.com	784	10204.19476	9751.822415	6910.494143	3014.742032	17	1
jobs.theguardian.com	591	355.5062472	355.5062472	0	0	17	1
jobs.theguardian.com	398	224.5504346	224.5504346	0	0	17	1
jobs.theguardian.com	462	538.5341263	538.5341263	0	0	17	1
jobs.theguardian.com	558	100.6901297	100.6901297	0	0	17	1
jobs.theguardian.com	686	101.2646835	101.2646835	0	0	17	1
jobs.theguardian.com	12	732.8438756	673.7114982	0	0	17	1
jobs.theguardian.com	76	1457.359818	1271.110744	1502.684706	221.5505969	17	1
jobs.theguardian.com	268	96.31250413	96.31250413	0	0	17	1
jobs.theguardian.com	300	7909.473511	6852.185658	1983.885623	442.3247398	17	1
jobs.theguardian.com	364	936.4200499	936.4200499	0	0	17	1
jobs.theguardian.com	428	447.5639311	447.5639311	0	0	17	1
jobs.theguardian.com	524	326.6944599	267.0535284	0	0	17	1
jobs.theguardian.com	620	4021.681113	3698.703661	4274.61372	506.108662	17	1
jobs.theguardian.com	716	1547.927332	1278.486118	0	0	17	1
jobs.theguardian.com	780	1587.119178	1520.548926	0	0	17	1
jobs.theguardian.com	203	1467.18689	1467.18689	0	0	17	1
jobs.theguardian.com	170	1468.390305	1468.390305	0	0	17	1
jobs.theguardian.com	458	4952.068435	4823.59646	3985.401546	1107.02789	17	1
jobs.theguardian.com	554	2383.947974	2249.781194	1647.960763	0	17	1
jobs.theguardian.com	586	4568.585142	4514.393531	0	0	17	1
jobs.theguardian.com	682	4455.374573	4278.490701	1907.66388	580.9768455	17	1
jobs.theguardian.com	233	548.549905	414.2630913	0	0	17	1
jobs.theguardian.com	8	254.7812654	254.7812654	0	0	17	1
jobs.theguardian.com	40	2104.70486	1751.853513	0	0	17	1
jobs.theguardian.com	72	148.7658449	148.7658449	0	0	17	1
jobs.theguardian.com	104	52.27293165	45.218072	0	0	17	1
jobs.theguardian.com	328	89.87801155	89.87801155	0	0	17	1
jobs.theguardian.com	360	1520.30609	1474.394738	2829.180198	674.4725949	17	1
jobs.theguardian.com	392	2896.072134	2896.072134	0	0	17	1
jobs.theguardian.com	616	10489.57624	9113.158572	2601.028648	429.2684837	17	1
jobs.theguardian.com	840	37384.98036	36474.82106	16633.80438	3713.10573	17	1
jobs.theguardian.com	231	1256.138336	1256.138336	0	0	17	1
jobs.theguardian.com	807	354.1410527	354.1410527	0	0	17	1
jobs.theguardian.com	999	1260239.766	1182224.139	884976.516	652478.7948	17	1
jobs.theguardian.com	70	1910.467227	1727.726436	0	0	17	1
jobs.theguardian.com	262	281.8488671	281.8488671	0	0	17	1
jobs.theguardian.com	422	851.5896985	805.2104507	0	0	17	1
jobs.theguardian.com	454	1221.977066	1221.977066	0	0	17	1
jobs.theguardian.com	646	215.6684432	180.4889095	0	0	17	1
jobs.theguardian.com	710	9811.545293	8512.889229	7248.595044	3527.989138	17	1
jobs.theguardian.com	4	89.39929982	89.39929982	0	0	17	1
jobs.theguardian.com	36	5703.227944	5453.18375	6852.437846	2713.470092	17	1
jobs.theguardian.com	100	2042.614109	1984.339892	872.1369715	118.6108924	17	1
jobs.theguardian.com	196	799.391096	739.1227372	0	0	17	1
jobs.theguardian.com	356	13360.82494	12611.83931	13965.01888	7680.14964	17	1
jobs.theguardian.com	388	2310.693516	2133.577003	0	0	17	1
jobs.theguardian.com	484	2424.861612	2424.861612	6766.883054	1446.685162	17	1
jobs.theguardian.com	516	410.9735653	333.5026562	0	0	17	1
jobs.theguardian.com	548	145.7787373	145.7787373	0	0	17	1
jobs.theguardian.com	804	1316.060572	1270.356872	0	0	17	1
jobs.theguardian.com	643	1980.230267	1918.382336	943.5966527	162.2660078	17	1
jobs.theguardian.com	578	1776.526576	1698.978739	0	0	17	1
jobs.theguardian.com	642	6924.784928	6552.893164	1651.255595	215.2419009	17	1
jobs.theguardian.com	706	150.0264413	150.0264413	0	0	17	1
jobs.theguardian.com	834	20131.85436	20131.85436	0	0	17	1
jobs.theguardian.com	705	332.288835	332.288835	0	0	17	1
jobs.theguardian.com	32	1390.930424	1236.742856	138.785267	0	17	1
jobs.theguardian.com	96	239.3709559	214.5799573	0	0	17	1
jobs.theguardian.com	192	399.0883994	399.0883994	0	0	17	1
jobs.theguardian.com	288	2272.33837	1944.222253	0	0	17	1
jobs.theguardian.com	384	62.58213515	39.11383447	0	0	17	1
jobs.theguardian.com	480	689.2603815	689.2603815	0	0	17	1
jobs.theguardian.com	512	757.5239458	706.8794161	0	0	17	1
jobs.theguardian.com	608	4234.348357	4100.276295	2286.052475	948.0630075	17	1
jobs.theguardian.com	704	1316.127893	1199.470501	0	0	17	1
jobs.theguardian.com	736	54.29643193	54.29643193	0	0	17	1
jobs.theguardian.com	800	990.2967159	990.2967159	0	0	17	1
jobs.theguardian.com	31	282.0866512	282.0866512	0	0	17	1
jobs.theguardian.com	191	1381.207577	1208.653651	829.0121774	0	17	1
jobs.theguardian.com	703	219.0946884	219.0946884	946.4578782	139.3680678	17	1
jobs.theguardian.com	831	759.6924706	759.6924706	0	0	17	1
jobs.theguardian.com	158	1263.934765	1263.934765	0	0	17	1
jobs.theguardian.com	414	690.0639828	639.8851189	0	0	17	1
jobs.theguardian.com	702	1943.193794	1887.092079	5397.262266	1006.507318	17	1
jobs.theguardian.com	862	219.7540677	219.7540677	0	0	17	1
jobs.theguardian.com	894	928.9519287	928.9519287	0	0	17	1
jobs.theguardian.com	28	640.8355604	640.8355604	0	0	17	2
jobs.theguardian.com	60	94.07653695	94.07653695	0	0	17	2
jobs.theguardian.com	124	11530.52503	11171.82198	28391.86449	5188.234741	17	2
jobs.theguardian.com	156	963.3827255	963.3827255	0	0	17	2
jobs.theguardian.com	188	544.5018293	544.5018293	0	0	17	2
jobs.theguardian.com	348	2144.523951	2080.422367	0	0	17	2
jobs.theguardian.com	380	11991.25214	11484.43601	2570.656533	194.1775314	17	2
jobs.theguardian.com	604	349.2153567	349.2153567	0	0	17	2
jobs.theguardian.com	764	4502.496326	4478.446853	0	0	17	2
jobs.theguardian.com	860	120.1557797	120.1557797	0	0	17	2
jobs.theguardian.com	218	197.8017412	197.8017412	0	0	17	2
jobs.theguardian.com	250	17479.07483	15784.27631	0	0	17	2
jobs.theguardian.com	410	1355.737731	1268.002661	760.5861637	87.00216163	17	2
jobs.theguardian.com	634	6233.169352	5220.882065	0	0	17	2
jobs.theguardian.com	826	926071.9782	850970.2717	468859.5306	379660.9655	17	2
jobs.theguardian.com	858	786.3348569	643.3426478	0	0	17	2
jobs.theguardian.com	56	3181.619089	3090.194195	0	0	17	2
jobs.theguardian.com	120	174.9964029	174.9964029	0	0	17	2
jobs.theguardian.com	152	417.1369135	417.1369135	0	0	17	2
jobs.theguardian.com	344	2894.685929	2894.685929	1184.832517	105.8410923	17	2
jobs.theguardian.com	376	1679.039908	1572.827727	1517.531017	660.1442865	17	2
jobs.theguardian.com	440	279.512422	279.512422	0	0	17	2
jobs.theguardian.com	504	1311.451615	1267.57174	0	0	17	2
jobs.theguardian.com	760	49.52719607	49.52719607	0	0	17	2
jobs.theguardian.com	792	5058.750271	5058.750271	2671.670927	950.5863811	17	2
jobs.theguardian.com	246	1602.543521	1539.327974	0	0	17	2
jobs.theguardian.com	470	1823.86063	1823.86063	0	0	17	2
jobs.theguardian.com	566	3293.093755	3143.652006	0	0	17	2
jobs.theguardian.com	630	2952.525527	2672.235343	0	0	17	2
jobs.theguardian.com	662	1147.812929	1147.812929	0	0	17	2
jobs.theguardian.com	694	273.640436	273.640436	0	0	17	2
jobs.theguardian.com	20	704.6019005	704.6019005	0	0	17	2
jobs.theguardian.com	84	153.967992	153.967992	0	0	17	2
jobs.theguardian.com	116	123.6442371	123.6442371	0	0	17	2
jobs.theguardian.com	276	16337.26017	14861.15516	12668.56067	2526.233413	17	2
jobs.theguardian.com	372	7342.509366	6866.80565	14097.83035	1979.934654	17	2
jobs.theguardian.com	404	2355.517984	2218.785088	4886.612034	951.9643751	17	2
jobs.theguardian.com	724	10652.15373	10155.96799	23357.03802	3973.856719	17	2
jobs.theguardian.com	756	6354.404163	5813.986825	0	0	17	2
jobs.theguardian.com	788	805.2114345	805.2114345	0	0	17	2
jobs.theguardian.com	51	87.66421251	87.66421251	0	0	17	2
jobs.theguardian.com	499	500.023456	500.023456	0	0	17	2
jobs.theguardian.com	50	1396.498346	1396.498346	0	0	17	2
jobs.theguardian.com	434	498.4437318	450.0657298	0	0	17	2
jobs.theguardian.com	498	45.50845941	45.50845941	0	0	17	2
jobs.theguardian.com	690	188.9631095	188.9631095	0	0	17	2
jobs.theguardian.com	818	4181.552338	3916.014353	684.8981484	168.3033563	17	2
jobs.theguardian.com	882	317.2570286	317.2570286	0	0	17	2
jobs.theguardian.com	48	511.782642	511.782642	0	0	17	2
jobs.theguardian.com	112	207.5879903	207.5879903	0	0	17	2
jobs.theguardian.com	144	2040.42711	1889.252389	0	0	17	2
jobs.theguardian.com	208	1135.432435	1135.432435	0	0	17	2
jobs.theguardian.com	368	189.1338286	189.1338286	0	0	17	2
jobs.theguardian.com	400	547.0329586	547.0329586	0	0	17	2
jobs.theguardian.com	496	162.9200661	162.9200661	0	0	17	2
jobs.theguardian.com	528	11897.12079	10606.09649	2362.793072	261.1931412	17	2
jobs.theguardian.com	688	722.3840143	651.6346322	0	0	17	2
jobs.theguardian.com	752	3039.783171	2832.389604	0	0	17	2
jobs.theguardian.com	784	16393.70311	15524.13194	6787.388898	2651.946608	17	2
jobs.theguardian.com	591	170.2768494	170.2768494	0	0	17	2
jobs.theguardian.com	270	150.7817503	150.7817503	0	0	17	2
jobs.theguardian.com	398	133.1280298	133.1280298	0	0	17	2
jobs.theguardian.com	462	126.7636337	126.7636337	0	0	17	2
jobs.theguardian.com	686	665.4405227	665.4405227	0	0	17	2
jobs.theguardian.com	12	1577.342613	1296.159667	0	0	17	2
jobs.theguardian.com	44	203.7365008	203.7365008	0	0	17	2
jobs.theguardian.com	76	1692.892232	1692.892232	62.750432	0	17	2
jobs.theguardian.com	268	1175.115538	1175.115538	0	0	17	2
jobs.theguardian.com	300	4885.944694	4376.519811	843.8395415	228.5952661	17	2
jobs.theguardian.com	364	649.130917	551.9777809	0	0	17	2
jobs.theguardian.com	428	581.4438946	515.8073303	0	0	17	2
jobs.theguardian.com	524	476.7504615	476.7504615	0	0	17	2
jobs.theguardian.com	620	3795.741357	3596.568984	0	0	17	2
jobs.theguardian.com	716	1250.898697	1114.09153	0	0	17	2
jobs.theguardian.com	780	691.7845404	691.7845404	0	0	17	2
jobs.theguardian.com	203	5757.957253	4671.518225	0	0	17	2
jobs.theguardian.com	170	2499.376752	2291.569865	0	0	17	2
jobs.theguardian.com	426	847.5987091	847.5987091	0	0	17	2
jobs.theguardian.com	458	7156.618582	6574.007354	5939.7798	2235.669961	17	2
jobs.theguardian.com	554	5460.408572	5045.9737	0	0	17	2
jobs.theguardian.com	586	6150.610499	5699.033648	0	0	17	2
jobs.theguardian.com	682	3215.462624	3073.022941	2519.008299	935.0312535	17	2
jobs.theguardian.com	233	181.5655439	181.5655439	0	0	17	2
jobs.theguardian.com	8	75.63652015	75.63652015	0	0	17	2
jobs.theguardian.com	40	2169.539939	1584.234728	0	0	17	2
jobs.theguardian.com	72	893.491919	839.2568939	0	0	17	2
jobs.theguardian.com	104	28.76616692	24.32912885	0	0	17	2
jobs.theguardian.com	328	137.5851475	137.5851475	0	0	17	2
jobs.theguardian.com	360	2366.89896	2366.89896	8597.213973	2709.44079	17	2
jobs.theguardian.com	392	3561.740181	3561.740181	4951.015854	552.5600913	17	2
jobs.theguardian.com	616	5371.540347	5259.516497	1079.033066	74.98376106	17	2
jobs.theguardian.com	840	44101.33886	41746.17902	27699.87146	4194.886583	17	2
jobs.theguardian.com	231	612.1733786	612.1733786	0	0	17	2
jobs.theguardian.com	807	180.7112575	180.7112575	0	0	17	2
jobs.theguardian.com	999	1306087.903	1209772.158	669366.9829	426719.6552	17	2
jobs.theguardian.com	70	4451.776158	4153.024813	0	0	17	2
jobs.theguardian.com	422	1516.320854	1437.232159	0	0	17	2
jobs.theguardian.com	454	11298.08343	11298.08343	0	0	17	2
jobs.theguardian.com	646	626.78799	626.78799	0	0	17	2
jobs.theguardian.com	710	5596.991573	5165.756453	7331.659496	3565.761178	17	2
jobs.theguardian.com	4	113.0321602	113.0321602	0	0	17	2
jobs.theguardian.com	36	6397.891029	6397.891029	13005.75183	1207.952838	17	2
jobs.theguardian.com	100	2178.850912	2178.850912	0	0	17	2
jobs.theguardian.com	196	1129.387873	1129.387873	0	0	17	2
jobs.theguardian.com	356	19598.19958	19319.3323	14855.82048	9394.914812	17	2
jobs.theguardian.com	388	470.1674452	470.1674452	0	0	17	2
jobs.theguardian.com	484	1870.451317	1870.451317	2516.631033	300.170992	17	2
jobs.theguardian.com	516	296.9185003	296.9185003	0	0	17	2
jobs.theguardian.com	804	961.422114	949.5906045	1230.798265	222.9083704	17	2
jobs.theguardian.com	643	2426.858296	2426.858296	408.7134888	37.09833492	17	2
jobs.theguardian.com	418	28.46181911	28.46181911	0	0	17	2
jobs.theguardian.com	578	1704.658211	1631.177123	0	0	17	2
jobs.theguardian.com	642	4654.385064	4256.378081	1279.785031	237.5701951	17	2
jobs.theguardian.com	834	2528.561796	2363.945504	0	0	17	2
jobs.theguardian.com	705	234.6491305	156.9702284	0	0	17	2
jobs.theguardian.com	833	297.3461081	297.3461081	0	0	17	2
jobs.theguardian.com	32	1840.752873	1840.752873	0	0	17	2
jobs.theguardian.com	96	161.2838951	161.2838951	0	0	17	2
jobs.theguardian.com	288	1860.549276	1702.489271	0	0	17	2
jobs.theguardian.com	384	39.49226642	24.68266651	0	0	17	2
jobs.theguardian.com	480	620.1398962	620.1398962	0	0	17	2
jobs.theguardian.com	512	1945.382663	1945.382663	0	0	17	2
jobs.theguardian.com	608	4004.121614	3734.929988	2205.183435	968.6270905	17	2
jobs.theguardian.com	704	8230.57428	7412.097153	0	0	17	2
jobs.theguardian.com	736	141.4146899	141.4146899	0	0	17	2
jobs.theguardian.com	800	1321.696794	1261.125245	0	0	17	2
jobs.theguardian.com	832	343.0424093	343.0424093	0	0	17	2
jobs.theguardian.com	31	130.9296428	130.9296428	0	0	17	2
jobs.theguardian.com	191	1053.564131	987.9312871	705.6443378	153.5358677	17	2
jobs.theguardian.com	703	260.21829	260.21829	0	0	17	2
jobs.theguardian.com	158	752.7457702	752.7457702	406.5836456	111.5744995	17	2
jobs.theguardian.com	414	854.8454756	854.8454756	0	0	17	2
jobs.theguardian.com	446	441.5180383	441.5180383	0	0	17	2
jobs.theguardian.com	670	1498.585003	1498.585003	0	0	17	2
jobs.theguardian.com	702	2725.903838	2652.933247	2926.10598	227.9893525	17	2
jobs.theguardian.com	862	148.548694	148.548694	0	0	17	2
jobs.theguardian.com	894	297.4506737	297.4506737	0	0	17	2
jobs.theguardian.com	28	682.4594201	682.4594201	0	0	17	3
jobs.theguardian.com	124	12844.62406	12503.4427	8913.45039	3304.652376	17	3
jobs.theguardian.com	156	920.5858153	843.286649	0	0	17	3
jobs.theguardian.com	188	369.1032765	369.1032765	0	0	17	3
jobs.theguardian.com	348	585.2959742	585.2959742	0	0	17	3
jobs.theguardian.com	380	10935.05293	10510.04228	1504.008524	550.523798	17	3
jobs.theguardian.com	508	192.03627	192.03627	0	0	17	3
jobs.theguardian.com	604	1083.557187	1083.557187	0	0	17	3
jobs.theguardian.com	764	3999.513119	3872.695674	0	0	17	3
jobs.theguardian.com	860	91.82687099	91.82687099	0	0	17	3
jobs.theguardian.com	218	112.6204696	112.6204696	0	0	17	3
jobs.theguardian.com	250	17856.16497	16647.30343	0	0	17	3
jobs.theguardian.com	410	1523.494684	1523.494684	0	0	17	3
jobs.theguardian.com	442	340.4625986	340.4625986	0	0	17	3
jobs.theguardian.com	634	4455.670731	3983.457222	0	0	17	3
jobs.theguardian.com	826	856770.2361	788871.5881	540953.9216	406098.6448	17	3
jobs.theguardian.com	858	122.3026316	122.3026316	0	0	17	3
jobs.theguardian.com	56	3471.055843	3357.005506	0	0	17	3
jobs.theguardian.com	120	225.5972266	202.1427743	0	0	17	3
jobs.theguardian.com	152	804.1717316	804.1717316	0	0	17	3
jobs.theguardian.com	344	3166.752263	3077.657154	76.50205283	0	17	3
jobs.theguardian.com	376	1092.435418	1092.435418	3249.187154	1379.464429	17	3
jobs.theguardian.com	440	942.0381835	942.0381835	0	0	17	3
jobs.theguardian.com	504	2217.440918	2170.576347	0	0	17	3
jobs.theguardian.com	600	141.2069474	141.2069474	0	0	17	3
jobs.theguardian.com	760	106.0022872	106.0022872	0	0	17	3
jobs.theguardian.com	792	7646.109571	7534.023961	56.22898105	0	17	3
jobs.theguardian.com	887	68.01317099	68.01317099	0	0	17	3
jobs.theguardian.com	246	1507.782197	1507.782197	0	0	17	3
jobs.theguardian.com	470	499.5755967	499.5755967	0	0	17	3
jobs.theguardian.com	566	3554.698505	3476.890908	0	0	17	3
jobs.theguardian.com	598	333.2489558	333.2489558	0	0	17	3
jobs.theguardian.com	630	1502.273451	1502.273451	0	0	17	3
jobs.theguardian.com	52	360.7012125	360.7012125	0	0	17	3
jobs.theguardian.com	84	193.3173094	193.3173094	0	0	17	3
jobs.theguardian.com	116	240.5945876	240.5945876	0	0	17	3
jobs.theguardian.com	276	19731.36751	18152.59308	5669.666044	2671.888858	17	3
jobs.theguardian.com	340	101.2844522	101.2844522	0	0	17	3
jobs.theguardian.com	372	7223.169194	7014.29432	9299.670384	4884.357494	17	3
jobs.theguardian.com	404	2807.783589	2664.871322	11476.50436	5127.694918	17	3
jobs.theguardian.com	724	10083.50151	9752.215112	5356.840433	2633.827679	17	3
jobs.theguardian.com	756	9350.018938	8753.990694	0	0	17	3
jobs.theguardian.com	788	590.7964677	590.7964677	0	0	17	3
jobs.theguardian.com	51	364.7003071	364.7003071	0	0	17	3
jobs.theguardian.com	275	154.2035563	154.2035563	0	0	17	3
jobs.theguardian.com	50	1948.925825	1948.925825	0	0	17	3
jobs.theguardian.com	242	49.42374302	49.42374302	0	0	17	3
jobs.theguardian.com	434	261.1105972	261.1105972	0	0	17	3
jobs.theguardian.com	498	151.5722814	151.5722814	0	0	17	3
jobs.theguardian.com	690	295.3635176	184.6021985	0	0	17	3
jobs.theguardian.com	818	4985.855386	4714.492212	939.3454323	439.3517808	17	3
jobs.theguardian.com	48	797.4480377	672.6038041	0	0	17	3
jobs.theguardian.com	112	307.5137496	307.5137496	0	0	17	3
jobs.theguardian.com	144	1659.303305	1659.303305	0	0	17	3
jobs.theguardian.com	208	1786.810974	1786.810974	0	0	17	3
jobs.theguardian.com	368	309.0055527	233.8585286	0	0	17	3
jobs.theguardian.com	400	1069.434272	1069.434272	0	0	17	3
jobs.theguardian.com	496	168.1892967	168.1892967	0	0	17	3
jobs.theguardian.com	528	10157.67036	9660.312205	0	0	17	3
jobs.theguardian.com	624	2557.232751	2557.232751	0	0	17	3
jobs.theguardian.com	688	782.2563414	782.2563414	0	0	17	3
jobs.theguardian.com	752	2420.056689	2305.322464	0	0	17	3
jobs.theguardian.com	784	14506.65728	13814.54602	4958.078791	2438.802552	17	3
jobs.theguardian.com	591	317.0613903	317.0613903	0	0	17	3
jobs.theguardian.com	398	149.3424649	133.3910787	0	0	17	3
jobs.theguardian.com	462	344.1091696	344.1091696	0	0	17	3
jobs.theguardian.com	558	770.7324756	511.7356992	0	0	17	3
jobs.theguardian.com	686	75.6270515	75.6270515	0	0	17	3
jobs.theguardian.com	12	1914.875784	1772.760455	0	0	17	3
jobs.theguardian.com	76	6849.473854	6245.766177	6045.531692	2910.243431	17	3
jobs.theguardian.com	204	114.6534634	88.84239161	0	0	17	3
jobs.theguardian.com	268	768.0471504	768.0471504	0	0	17	3
jobs.theguardian.com	300	8078.040661	7302.799756	0	0	17	3
jobs.theguardian.com	332	35.33086281	35.33086281	0	0	17	3
jobs.theguardian.com	364	1205.154914	1205.154914	0	0	17	3
jobs.theguardian.com	428	356.5157376	319.2614647	0	0	17	3
jobs.theguardian.com	492	192.4324989	192.4324989	0	0	17	3
jobs.theguardian.com	524	310.351281	310.351281	0	0	17	3
jobs.theguardian.com	620	4108.375034	4003.380348	0	0	17	3
jobs.theguardian.com	716	1378.823367	1328.648761	0	0	17	3
jobs.theguardian.com	780	1131.151687	1131.151687	0	0	17	3
jobs.theguardian.com	203	2850.00274	2782.226504	0	0	17	3
jobs.theguardian.com	170	1462.737071	1462.737071	0	0	17	3
jobs.theguardian.com	458	7773.700693	7724.660438	5829.659406	2832.170359	17	3
jobs.theguardian.com	554	4511.386199	4131.414031	0	0	17	3
jobs.theguardian.com	586	7629.970503	7448.459978	0	0	17	3
jobs.theguardian.com	682	3854.723705	3854.723705	2841.544255	1340.326481	17	3
jobs.theguardian.com	233	418.4444349	418.4444349	0	0	17	3
jobs.theguardian.com	8	188.3605417	188.3605417	0	0	17	3
jobs.theguardian.com	40	3526.73804	2949.229619	0	0	17	3
jobs.theguardian.com	72	945.1700252	945.1700252	0	0	17	3
jobs.theguardian.com	104	213.3183052	213.3183052	0	0	17	3
jobs.theguardian.com	328	123.2418257	123.2418257	0	0	17	3
jobs.theguardian.com	360	2732.14351	2667.179195	2697.895344	1210.235073	17	3
jobs.theguardian.com	392	6351.114356	6351.114356	0	0	17	3
jobs.theguardian.com	616	4419.76428	4329.17977	1582.708961	689.688292	17	3
jobs.theguardian.com	776	167.4838633	167.4838633	0	0	17	3
jobs.theguardian.com	840	48724.91732	45760.35543	29713.17274	22298.68381	17	3
jobs.theguardian.com	231	1183.997587	1183.997587	0	0	17	3
jobs.theguardian.com	807	484.6200126	484.6200126	0	0	17	3
jobs.theguardian.com	999	1249351.65	1163386.296	676322.7388	481183.1968	17	3
jobs.theguardian.com	70	4149.567369	3366.108467	0	0	17	3
jobs.theguardian.com	422	1617.470863	1569.723943	0	0	17	3
jobs.theguardian.com	454	768.7312497	768.7312497	0	0	17	3
jobs.theguardian.com	646	62.38243971	62.38243971	0	0	17	3
jobs.theguardian.com	710	6133.296673	5633.843163	6979.963187	3326.490538	17	3
jobs.theguardian.com	4	1325.984484	1325.984484	0	0	17	3
jobs.theguardian.com	36	8066.947961	7572.335599	5181.029891	2568.72719	17	3
jobs.theguardian.com	100	883.1476796	883.1476796	0	0	17	3
jobs.theguardian.com	196	1288.223824	1288.223824	0	0	17	3
jobs.theguardian.com	356	20772.81776	20395.11175	16818.97002	11696.92862	17	3
jobs.theguardian.com	388	839.2388874	839.2388874	0	0	17	3
jobs.theguardian.com	484	953.080197	953.080197	912.26962	396.5292069	17	3
jobs.theguardian.com	516	832.6335976	832.6335976	0	0	17	3
jobs.theguardian.com	804	900.6181704	900.6181704	248.9505101	80.62977054	17	3
jobs.theguardian.com	643	2099.897701	1941.823586	381.4247192	154.0526285	17	3
jobs.theguardian.com	450	26.70376143	26.70376143	0	0	17	3
jobs.theguardian.com	578	525.9372331	525.9372331	0	0	17	3
jobs.theguardian.com	642	3838.662845	3572.205688	710.2316416	215.5970449	17	3
jobs.theguardian.com	706	679.4354542	630.4009867	0	0	17	3
jobs.theguardian.com	834	2203.683951	2163.725658	0	0	17	3
jobs.theguardian.com	32	591.6430901	591.6430901	0	0	17	3
jobs.theguardian.com	64	119.3215696	119.3215696	0	0	17	3
jobs.theguardian.com	96	391.5432351	391.5432351	0	0	17	3
jobs.theguardian.com	288	1638.977223	1585.066761	0	0	17	3
jobs.theguardian.com	320	470.7693496	470.7693496	0	0	17	3
jobs.theguardian.com	384	207.2690049	207.2690049	0	0	17	3
jobs.theguardian.com	480	729.9916313	660.229258	0	0	17	3
jobs.theguardian.com	512	1054.038862	1054.038862	0	0	17	3
jobs.theguardian.com	608	5387.302079	5233.713121	3192.017443	1695.606627	17	3
jobs.theguardian.com	704	9654.529259	9396.754845	0	0	17	3
jobs.theguardian.com	736	153.4157798	153.4157798	0	0	17	3
jobs.theguardian.com	800	1042.809937	1001.6985	0	0	17	3
jobs.theguardian.com	832	350.046663	350.046663	0	0	17	3
jobs.theguardian.com	31	76.26733449	76.26733449	0	0	17	3
jobs.theguardian.com	191	829.9509039	829.9509039	314.8249836	89.22615802	17	3
jobs.theguardian.com	703	1526.859506	1310.439976	0	0	17	3
jobs.theguardian.com	158	1971.383844	1907.228823	419.1402189	148.852863	17	3
jobs.theguardian.com	222	128.6716355	128.6716355	0	0	17	3
jobs.theguardian.com	414	742.1539474	742.1539474	0	0	17	3
jobs.theguardian.com	702	2985.985378	2741.605618	0	0	17	3
jobs.theguardian.com	894	89.64597328	89.64597328	0	0	17	3
jobs.theguardian.com	124	9243.791924	8851.842	0	0	17	4
jobs.theguardian.com	156	513.9370748	502.6402405	0	0	17	4
jobs.theguardian.com	316	169.8829115	169.8829115	0	0	17	4
jobs.theguardian.com	348	1370.527607	1370.527607	0	0	17	4
jobs.theguardian.com	380	12438.98681	12323.31827	20047.50608	9777.348724	17	4
jobs.theguardian.com	604	2004.973554	1799.018078	0	0	17	4
jobs.theguardian.com	764	3423.248113	3178.880654	0	0	17	4
jobs.theguardian.com	795	56.86984051	56.86984051	0	0	17	4
jobs.theguardian.com	218	421.772668	324.4405138	0	0	17	4
jobs.theguardian.com	250	11332.47084	10920.4105	0	0	17	4
jobs.theguardian.com	410	1220.869534	1220.869534	1260.984803	605.9589535	17	4
jobs.theguardian.com	442	329.7488837	329.7488837	0	0	17	4
jobs.theguardian.com	634	4823.424548	4446.679734	0	0	17	4
jobs.theguardian.com	762	77.34546825	77.34546825	0	0	17	4
jobs.theguardian.com	826	736636.8276	670666.5633	438189.6306	316476.1034	17	4
jobs.theguardian.com	8409	308.0849977	306.1473457	0	0	17	4
jobs.theguardian.com	24	250.7719975	250.7719975	0	0	17	4
jobs.theguardian.com	56	3905.2997	3659.417683	0	0	17	4
jobs.theguardian.com	120	246.32591	246.32591	0	0	17	4
jobs.theguardian.com	152	252.1304196	252.1304196	0	0	17	4
jobs.theguardian.com	344	4401.405114	3780.405085	0	0	17	4
jobs.theguardian.com	376	1052.924738	1052.924738	1476.379374	752.258416	17	4
jobs.theguardian.com	440	774.9268552	774.9268552	468.9917029	211.6797586	17	4
jobs.theguardian.com	504	1679.516144	1574.977256	0	0	17	4
jobs.theguardian.com	792	6162.882936	5846.348405	2135.372094	966.2098328	17	4
jobs.theguardian.com	8408	1050.056049	1060.048458	0	0	17	4
jobs.theguardian.com	84024	991.3025538	979.3260731	0	0	17	4
jobs.theguardian.com	246	741.8613794	741.8613794	0	0	17	4
jobs.theguardian.com	470	943.3489328	943.3489328	0	0	17	4
jobs.theguardian.com	566	2490.20615	2361.119168	0	0	17	4
jobs.theguardian.com	598	728.4855008	455.303438	0	0	17	4
jobs.theguardian.com	630	301.9156752	301.9156752	0	0	17	4
jobs.theguardian.com	8406	5073.325905	4873.511883	0	0	17	4
jobs.theguardian.com	84022	294.6354576	294.6354576	0	0	17	4
jobs.theguardian.com	84021	234.6196513	257.7183062	0	0	17	4
jobs.theguardian.com	20	1030.613761	1030.613761	0	0	17	4
jobs.theguardian.com	52	333.1608982	333.1608982	0	0	17	4
jobs.theguardian.com	116	46.73832746	46.73832746	0	0	17	4
jobs.theguardian.com	180	1852.965456	1852.965456	0	0	17	4
jobs.theguardian.com	276	16047.87188	15222.46057	4818.164285	2432.216441	17	4
jobs.theguardian.com	308	186.5306926	186.5306926	0	0	17	4
jobs.theguardian.com	372	6029.226765	5737.642185	9371.737639	4680.901892	17	4
jobs.theguardian.com	404	2192.774235	2036.949126	5777.069418	2896.814431	17	4
jobs.theguardian.com	724	11853.44127	11543.90093	10635.61923	5153.132443	17	4
jobs.theguardian.com	756	5411.793142	5411.793142	0	0	17	4
jobs.theguardian.com	788	1098.017833	1098.017833	0	0	17	4
jobs.theguardian.com	8404	1475.730187	1515.92335	0	0	17	4
jobs.theguardian.com	84020	571.9752334	606.768862	0	0	17	4
jobs.theguardian.com	51	170.2539813	170.2539813	0	0	17	4
jobs.theguardian.com	50	1631.092741	1591.977954	0	0	17	4
jobs.theguardian.com	242	228.1600685	228.1600685	0	0	17	4
jobs.theguardian.com	434	614.6748522	505.3893611	0	0	17	4
jobs.theguardian.com	498	35.39346685	35.39346685	0	0	17	4
jobs.theguardian.com	818	3024.649881	2861.844558	1249.034665	619.4626375	17	4
jobs.theguardian.com	84018	378.6539641	368.6187866	0	0	17	4
jobs.theguardian.com	8401	4078.40223	2426.064208	0	0	17	4
jobs.theguardian.com	84017	985.2811428	984.1382737	0	0	17	4
jobs.theguardian.com	48	759.1966888	674.6340268	0	0	17	4
jobs.theguardian.com	112	271.839849	271.839849	0	0	17	4
jobs.theguardian.com	144	992.1725079	961.1088051	0	0	17	4
jobs.theguardian.com	208	2099.244314	2099.244314	0	0	17	4
jobs.theguardian.com	368	268.4794745	268.4794745	0	0	17	4
jobs.theguardian.com	400	351.1942189	311.0415421	0	0	17	4
jobs.theguardian.com	496	154.0816849	154.0816849	0	0	17	4
jobs.theguardian.com	528	6220.419573	5927.776507	14475.32557	6810.242472	17	4
jobs.theguardian.com	688	1116.007637	1038.450905	0	0	17	4
jobs.theguardian.com	752	2859.743683	2717.434343	0	0	17	4
jobs.theguardian.com	784	12148.18834	11336.93025	5655.418458	2814.666985	17	4
jobs.theguardian.com	398	328.780978	266.6516323	0	0	17	4
jobs.theguardian.com	462	557.8978528	557.8978528	0	0	17	4
jobs.theguardian.com	558	246.450286	246.450286	0	0	17	4
jobs.theguardian.com	84013	797.7407534	827.9219986	0	0	17	4
jobs.theguardian.com	12	1040.175397	991.0710427	0	0	17	4
jobs.theguardian.com	76	3961.177427	3719.912373	4686.379227	2387.184744	17	4
jobs.theguardian.com	268	122.5629635	122.5629635	0	0	17	4
jobs.theguardian.com	300	7102.204622	6400.31262	5724.547056	2719.247234	17	4
jobs.theguardian.com	364	1992.229489	1992.229489	0	0	17	4
jobs.theguardian.com	428	409.8786246	409.8786246	0	0	17	4
jobs.theguardian.com	524	756.4006803	756.4006803	0	0	17	4
jobs.theguardian.com	620	6317.965858	5661.446512	0	0	17	4
jobs.theguardian.com	716	2285.008995	1949.637303	0	0	17	4
jobs.theguardian.com	748	958.3508038	598.9692524	0	0	17	4
jobs.theguardian.com	780	834.4404723	654.1939418	0	0	17	4
jobs.theguardian.com	84012	1959.543893	1952.382875	0	0	17	4
jobs.theguardian.com	203	2215.094514	2215.094514	1039.352967	475.1530238	17	4
jobs.theguardian.com	84011	107.0264512	107.0264512	0	0	17	4
jobs.theguardian.com	170	771.1507854	771.1507854	0	0	17	4
jobs.theguardian.com	426	1441.499152	900.9369701	0	0	17	4
jobs.theguardian.com	458	3891.869187	3855.125397	3384.71471	1739.310968	17	4
jobs.theguardian.com	554	3329.555628	3080.012488	10811.41412	5296.127291	17	4
jobs.theguardian.com	586	5402.859216	5082.517758	0	0	17	4
jobs.theguardian.com	682	2561.086389	2476.365584	2215.388284	1132.033687	17	4
jobs.theguardian.com	233	585.773677	531.4166686	0	0	17	4
jobs.theguardian.com	8	335.6044183	335.6044183	0	0	17	4
jobs.theguardian.com	40	3933.008524	3587.642692	0	0	17	4
jobs.theguardian.com	72	747.5608888	747.5608888	0	0	17	4
jobs.theguardian.com	104	7.405892647	7.405892647	0	0	17	4
jobs.theguardian.com	328	270.3246882	270.3246882	0	0	17	4
jobs.theguardian.com	360	4174.256954	3918.715664	2481.891131	1254.080208	17	4
jobs.theguardian.com	392	3287.046352	3287.046352	0	0	17	4
jobs.theguardian.com	616	5333.000229	5121.337628	2243.408987	1122.806472	17	4
jobs.theguardian.com	840	40326.81114	38126.76107	28289.77362	23705.56665	17	4
jobs.theguardian.com	231	432.9843762	432.9843762	0	0	17	4
jobs.theguardian.com	999	1071585.904	989480.6143	603444.6493	410750.9131	17	4
jobs.theguardian.com	70	660.884092	660.884092	0	0	17	4
jobs.theguardian.com	422	767.7561994	714.2230255	0	0	17	4
jobs.theguardian.com	646	256.8548339	256.8548339	0	0	17	4
jobs.theguardian.com	710	4745.253488	4745.253488	5348.925645	2626.940605	17	4
jobs.theguardian.com	4	120.622175	120.622175	0	0	17	4
jobs.theguardian.com	36	9623.307611	9263.208335	0	0	17	4
jobs.theguardian.com	100	2398.219892	2066.544138	0	0	17	4
jobs.theguardian.com	196	1041.667548	1041.667548	0	0	17	4
jobs.theguardian.com	356	20728.04031	19874.06753	16077.25962	11145.30653	17	4
jobs.theguardian.com	388	393.2646769	393.2646769	0	0	17	4
jobs.theguardian.com	484	3030.865622	3030.865622	919.6820878	458.852661	17	4
jobs.theguardian.com	516	352.2946433	352.2946433	0	0	17	4
jobs.theguardian.com	804	857.0564665	818.7152451	0	0	17	4
jobs.theguardian.com	643	1724.723583	1631.352398	1593.0891	751.727955	17	4
jobs.theguardian.com	578	1401.552716	1401.552716	0	0	17	4
jobs.theguardian.com	642	1992.288793	1992.288793	0	0	17	4
jobs.theguardian.com	706	235.1782811	235.1782811	0	0	17	4
jobs.theguardian.com	834	2192.481331	1972.137126	0	0	17	4
jobs.theguardian.com	417	48.31951415	48.31951415	0	0	17	4
jobs.theguardian.com	705	1108.283357	1108.283357	0	0	17	4
jobs.theguardian.com	32	2753.466706	2753.466706	0	0	17	4
jobs.theguardian.com	64	195.7214978	195.7214978	0	0	17	4
jobs.theguardian.com	96	70.50823759	70.50823759	0	0	17	4
jobs.theguardian.com	288	948.0766612	948.0766612	0	0	17	4
jobs.theguardian.com	480	620.1395279	620.1395279	0	0	17	4
jobs.theguardian.com	512	2488.300259	2293.688466	0	0	17	4
jobs.theguardian.com	608	3598.220229	3548.400361	3067.588816	1739.578655	17	4
jobs.theguardian.com	704	5563.809204	5563.809204	0	0	17	4
jobs.theguardian.com	736	532.3948184	532.3948184	0	0	17	4
jobs.theguardian.com	768	252.6622864	252.6622864	0	0	17	4
jobs.theguardian.com	800	649.9867021	649.9867021	0	0	17	4
jobs.theguardian.com	31	380.9453811	358.4066246	0	0	17	4
jobs.theguardian.com	191	546.9844272	546.9844272	0	0	17	4
jobs.theguardian.com	703	358.8865162	358.8865162	0	0	17	4
jobs.theguardian.com	831	141.1050683	141.1050683	0	0	17	4
jobs.theguardian.com	158	775.3509065	775.3509065	0	0	17	4
jobs.theguardian.com	222	396.3163937	396.3163937	0	0	17	4
jobs.theguardian.com	414	1353.04473	1353.04473	0	0	17	4
jobs.theguardian.com	446	548.4079614	548.4079614	0	0	17	4
jobs.theguardian.com	478	152.6118829	152.6118829	0	0	17	4
jobs.theguardian.com	702	2118.497019	2005.291058	0	0	17	4
jobs.theguardian.com	862	476.5298301	476.5298301	0	0	17	4
jobs.theguardian.com	60	157.0595316	157.0595316	0	0	17	5
jobs.theguardian.com	124	10390.97188	10390.97188	0	0	17	5
jobs.theguardian.com	156	248.9428572	236.0161908	186.2598217	92.36481262	17	5
jobs.theguardian.com	188	166.0648322	166.0648322	0	0	17	5
jobs.theguardian.com	348	1995.100305	1870.342428	0	0	17	5
jobs.theguardian.com	380	12198.2237	11807.39894	7774.616183	3855.199214	17	5
jobs.theguardian.com	764	3272.102283	3272.102283	0	0	17	5
jobs.theguardian.com	860	78.00007752	78.00007752	0	0	17	5
jobs.theguardian.com	218	164.9044013	164.9044013	239.1163359	116.4657131	17	5
jobs.theguardian.com	250	16964.11513	14634.82794	32209.13785	15175.15141	17	5
jobs.theguardian.com	410	4657.757247	4343.217328	1755.076658	881.5923211	17	5
jobs.theguardian.com	442	360.9016419	360.9016419	0	0	17	5
jobs.theguardian.com	634	4339.017632	4339.017632	0	0	17	5
jobs.theguardian.com	762	62.72278617	62.72278617	0	0	17	5
jobs.theguardian.com	826	688071.0756	640666.7177	282615.4414	185363.8424	17	5
jobs.theguardian.com	56	5492.756228	5391.682682	0	0	17	5
jobs.theguardian.com	120	244.9994018	244.9994018	0	0	17	5
jobs.theguardian.com	344	3941.71572	3941.71572	7350.375793	3559.689792	17	5
jobs.theguardian.com	376	1602.91123	1602.91123	2394.304981	1170.328923	17	5
jobs.theguardian.com	440	890.4186014	890.4186014	591.9443221	295.8987482	17	5
jobs.theguardian.com	504	1161.913814	1108.519964	0	0	17	5
jobs.theguardian.com	792	6422.434397	6292.717021	2296.492157	1190.984882	17	5
jobs.theguardian.com	214	738.3665471	738.3665471	0	0	17	5
jobs.theguardian.com	246	795.0640402	795.0640402	0	0	17	5
jobs.theguardian.com	470	520.235283	520.235283	0	0	17	5
jobs.theguardian.com	566	2920.458313	2675.726365	0	0	17	5
jobs.theguardian.com	598	196.0653222	196.0653222	0	0	17	5
jobs.theguardian.com	630	237.6275725	237.6275725	0	0	17	5
jobs.theguardian.com	662	864.1191999	864.1191999	0	0	17	5
jobs.theguardian.com	694	974.742505	974.742505	0	0	17	5
jobs.theguardian.com	8406	4088.772085	3945.375038	0	0	17	5
jobs.theguardian.com	52	311.2504718	311.2504718	0	0	17	5
jobs.theguardian.com	84	70.78159685	70.78159685	0	0	17	5
jobs.theguardian.com	116	240.6058547	240.6058547	0	0	17	5
jobs.theguardian.com	276	16423.77499	16423.77499	7078.767215	3502.284383	17	5
jobs.theguardian.com	372	6158.40507	5972.594784	0	0	17	5
jobs.theguardian.com	404	1731.098269	1609.82029	0	0	17	5
jobs.theguardian.com	724	11554.00024	11279.33317	9626.441823	4789.965514	17	5
jobs.theguardian.com	756	7965.83656	7775.173747	0	0	17	5
jobs.theguardian.com	788	1327.548742	1252.62437	0	0	17	5
jobs.theguardian.com	8404	1313.546681	1331.109141	0	0	17	5
jobs.theguardian.com	51	93.1213893	93.1213893	0	0	17	5
jobs.theguardian.com	499	116.6376364	116.6376364	0	0	17	5
jobs.theguardian.com	50	1591.453166	1498.843652	0	0	17	5
jobs.theguardian.com	242	96.76465249	96.76465249	0	0	17	5
jobs.theguardian.com	434	194.4516213	194.4516213	0	0	17	5
jobs.theguardian.com	466	59.08985905	59.08985905	0	0	17	5
jobs.theguardian.com	498	26.2184248	26.2184248	0	0	17	5
jobs.theguardian.com	626	68.74165661	68.74165661	0	0	17	5
jobs.theguardian.com	690	211.6480968	211.6480968	0	0	17	5
jobs.theguardian.com	818	4695.316411	4203.37374	1109.581708	552.2350502	17	5
jobs.theguardian.com	8401	778.7649216	752.7745245	0	0	17	5
jobs.theguardian.com	48	505.7364094	505.7364094	0	0	17	5
jobs.theguardian.com	112	275.2536688	275.2536688	0	0	17	5
jobs.theguardian.com	144	1548.041189	1548.041189	0	0	17	5
jobs.theguardian.com	208	2239.311562	2239.311562	0	0	17	5
jobs.theguardian.com	400	369.1508992	339.7760515	0	0	17	5
jobs.theguardian.com	496	245.4194992	245.4194992	0	0	17	5
jobs.theguardian.com	528	10145.06553	9807.867191	14520.07741	6593.932935	17	5
jobs.theguardian.com	688	1074.608387	1074.608387	0	0	17	5
jobs.theguardian.com	752	836.5429669	836.5429669	0	0	17	5
jobs.theguardian.com	784	11874.69248	11299.59288	6283.732063	3134.951749	17	5
jobs.theguardian.com	270	283.7768659	177.3605412	0	0	17	5
jobs.theguardian.com	398	368.9783898	368.9783898	0	0	17	5
jobs.theguardian.com	430	94.11087703	94.11087703	0	0	17	5
jobs.theguardian.com	462	177.7477849	177.7477849	0	0	17	5
jobs.theguardian.com	686	868.867981	868.867981	0	0	17	5
jobs.theguardian.com	12	329.6430086	291.241156	0	0	17	5
jobs.theguardian.com	44	71.96750304	71.96750304	0	0	17	5
jobs.theguardian.com	76	4135.362258	3970.168255	1518.019329	779.5162181	17	5
jobs.theguardian.com	268	691.3073711	691.3073711	0	0	17	5
jobs.theguardian.com	300	7068.735404	6537.311657	4728.053102	2400.78625	17	5
jobs.theguardian.com	364	517.9460909	517.9460909	0	0	17	5
jobs.theguardian.com	428	363.2853817	363.2853817	0	0	17	5
jobs.theguardian.com	524	400.9356771	400.9356771	0	0	17	5
jobs.theguardian.com	620	11148.95402	8020.990071	0	0	17	5
jobs.theguardian.com	716	1928.441145	1623.558663	0	0	17	5
jobs.theguardian.com	748	3954.594832	3954.594832	0	0	17	5
jobs.theguardian.com	780	188.7965538	188.7965538	0	0	17	5
jobs.theguardian.com	203	2490.652387	2169.656282	1157.148592	596.2222322	17	5
jobs.theguardian.com	170	2221.211892	2221.211892	0	0	17	5
jobs.theguardian.com	426	797.0969101	797.0969101	0	0	17	5
jobs.theguardian.com	458	6874.2079	6833.280536	3427.229851	1710.906519	17	5
jobs.theguardian.com	554	2863.43621	2722.578956	0	0	17	5
jobs.theguardian.com	586	5976.114848	5677.34166	0	0	17	5
jobs.theguardian.com	682	3965.336401	3807.978021	3326.612167	1486.93157	17	5
jobs.theguardian.com	233	151.7978338	151.7978338	0	0	17	5
jobs.theguardian.com	8	95.27486147	95.27486147	0	0	17	5
jobs.theguardian.com	40	1659.393935	1534.553379	0	0	17	5
jobs.theguardian.com	72	997.795612	941.5857216	0	0	17	5
jobs.theguardian.com	104	62.82226718	42.0163668	0	0	17	5
jobs.theguardian.com	360	2195.55395	2078.138882	733.7723156	367.680131	17	5
jobs.theguardian.com	392	2351.726403	2351.726403	7500.897048	3575.344271	17	5
jobs.theguardian.com	616	4226.558121	4121.168005	642.471072	320.89214	17	5
jobs.theguardian.com	840	36467.09387	34975.57541	17787.28462	8907.607633	17	5
jobs.theguardian.com	231	743.5968279	693.3312613	0	0	17	5
jobs.theguardian.com	807	785.4596126	785.4596126	0	0	17	5
jobs.theguardian.com	999	1051338.363	983880.7756	470345.4266	279295.0486	17	5
jobs.theguardian.com	70	848.2518488	848.2518488	0	0	17	5
jobs.theguardian.com	422	1084.405614	1037.646381	0	0	17	5
jobs.theguardian.com	646	666.840199	624.832779	0	0	17	5
jobs.theguardian.com	710	8848.593429	7994.42571	6275.323611	3354.456004	17	5
jobs.theguardian.com	4	1512.82728	1512.82728	0	0	17	5
jobs.theguardian.com	36	7513.826172	7344.862269	0	0	17	5
jobs.theguardian.com	100	1515.808837	1284.04053	0	0	17	5
jobs.theguardian.com	196	1376.640276	1256.103611	0	0	17	5
jobs.theguardian.com	356	24767.26317	23548.98989	15627.30622	10030.64714	17	5
jobs.theguardian.com	388	895.2474543	895.2474543	0	0	17	5
jobs.theguardian.com	484	4351.302944	3622.034525	90.25369786	46.47038789	17	5
jobs.theguardian.com	516	85.89198853	85.89198853	0	0	17	5
jobs.theguardian.com	804	1235.264132	1133.967141	0	0	17	5
jobs.theguardian.com	643	1890.895833	1823.024431	793.8142569	409.2759713	17	5
jobs.theguardian.com	450	4.684086777	4.684086777	0	0	17	5
jobs.theguardian.com	578	2383.61975	1685.191682	0	0	17	5
jobs.theguardian.com	642	3064.801852	2913.570773	0	0	17	5
jobs.theguardian.com	834	3276.064593	2496.977385	0	0	17	5
jobs.theguardian.com	417	59.5758533	45.97669241	0	0	17	5
jobs.theguardian.com	705	577.1917845	476.7568005	0	0	17	5
jobs.theguardian.com	32	1542.29485	1380.490199	0	0	17	5
jobs.theguardian.com	64	193.522045	193.522045	0	0	17	5
jobs.theguardian.com	96	162.5065418	162.5065418	0	0	17	5
jobs.theguardian.com	288	971.0325032	808.8382002	0	0	17	5
jobs.theguardian.com	480	905.5535262	905.5535262	0	0	17	5
jobs.theguardian.com	512	1489.974182	1342.329898	0	0	17	5
jobs.theguardian.com	608	4814.021188	4680.835001	2556.939886	1292.74513	17	5
jobs.theguardian.com	704	3021.487949	3021.487949	0	0	17	5
jobs.theguardian.com	736	812.7585303	507.9740814	0	0	17	5
jobs.theguardian.com	768	101.7155029	101.7155029	0	0	17	5
jobs.theguardian.com	800	906.1635665	862.6478678	0	0	17	5
jobs.theguardian.com	31	731.7935886	669.5115836	0	0	17	5
jobs.theguardian.com	191	1258.029918	1208.980906	1082.243473	510.7325891	17	5
jobs.theguardian.com	703	1444.637594	1444.637594	0	0	17	5
jobs.theguardian.com	831	586.3714264	586.3714264	0	0	17	5
jobs.theguardian.com	158	2145.436214	2055.700494	0	0	17	5
jobs.theguardian.com	414	576.7935908	576.7935908	0	0	17	5
jobs.theguardian.com	702	3187.272314	2886.393763	27066.69169	13229.94655	17	5
jobs.theguardian.com	862	690.2016275	690.2016275	0	0	17	5
jobs.theguardian.com	894	137.862846	137.862846	0	0	17	5
jobs.theguardian.com	8401	429.5324385	429.5324385	0	0	16	11
jobs.theguardian.com	84017	1356.929974	1354.818445	0	0	16	11
jobs.theguardian.com	84049	317.3416829	317.3416829	0	0	16	11
jobs.theguardian.com	84013	836.3113112	825.7447568	0	0	16	11
jobs.theguardian.com	8405	190.1839042	190.1839042	0	0	16	11
jobs.theguardian.com	84021	187.8245162	187.8245162	0	0	16	11
jobs.theguardian.com	84053	1111.853552	955.3443048	0	0	16	11
jobs.theguardian.com	84051	2319.429876	2193.814573	0	0	16	11
jobs.theguardian.com	84041	652.1319555	662.0653905	0	0	16	11
jobs.theguardian.com	84039	526.4957607	515.608636	0	0	16	11
jobs.theguardian.com	84029	874.8940026	877.6939018	0	0	16	11
jobs.theguardian.com	8409	171.0697117	171.0697117	0	0	16	11
jobs.theguardian.com	84025	1019.022349	1013.776672	0	0	16	11
jobs.theguardian.com	84023	158.8090078	158.8090078	0	0	16	11
jobs.theguardian.com	84055	350.1454449	350.1454449	0	0	16	11
jobs.theguardian.com	8406	4481.054666	4032.040925	0	0	16	11
jobs.theguardian.com	84022	325.9985387	305.2136489	0	0	16	11
jobs.theguardian.com	84054	454.1976227	453.4052213	0	0	16	11
jobs.theguardian.com	84046	235.0411663	226.2037825	0	0	16	11
jobs.theguardian.com	84037	883.3000532	904.4851406	0	0	16	11
jobs.theguardian.com	84010	284.3427812	284.3427812	0	0	16	11
jobs.theguardian.com	84042	1740.40388	1617.842594	0	0	16	11
jobs.theguardian.com	84026	561.57732	547.2994499	0	0	16	11
jobs.theguardian.com	84011	286.5727342	286.5727342	0	0	16	11
jobs.theguardian.com	8408	190.7457196	194.7153022	0	0	16	11
jobs.theguardian.com	84024	4433.836132	3308.188911	0	0	16	11
jobs.theguardian.com	84027	800.197817	799.8177171	0	0	16	11
jobs.theguardian.com	84018	941.8680041	765.4770382	0	0	16	11
jobs.theguardian.com	84040	592.0133873	585.0727667	0	0	16	11
jobs.theguardian.com	84034	1087.53405	1099.217159	0	0	16	11
jobs.theguardian.com	8404	223.4122554	223.4122554	0	0	16	11
jobs.theguardian.com	84020	375.1671872	362.1239262	0	0	16	11
jobs.theguardian.com	84036	3583.762681	3572.799363	0	0	16	11
jobs.theguardian.com	84012	3214.982349	3007.180483	0	0	16	11
jobs.theguardian.com	84048	3061.827	3037.077607	0	0	16	11
jobs.theguardian.com	84028	626.7446855	626.7446855	0	0	16	11
jobs.theguardian.com	84013	571.128439	585.2132268	0	0	17	1
jobs.theguardian.com	84045	540.1538948	540.1538948	0	0	17	1
jobs.theguardian.com	84039	1186.820575	1175.182177	0	0	17	1
jobs.theguardian.com	84032	108.9042767	108.9042767	0	0	16	11
jobs.theguardian.com	84041	912.7957107	903.536273	0	0	17	1
jobs.theguardian.com	84037	931.932151	921.5712129	0	0	17	1
jobs.theguardian.com	84019	298.6567644	298.6567644	0	0	17	1
jobs.theguardian.com	84051	1530.366596	1397.018949	0	0	17	1
jobs.theguardian.com	8405	24.8610149	24.8610149	0	0	17	1
jobs.theguardian.com	84021	146.8131869	146.8131869	0	0	17	1
jobs.theguardian.com	84053	1240.089392	1243.929996	0	0	17	1
jobs.theguardian.com	84029	827.908486	827.908486	0	0	17	1
jobs.theguardian.com	84038	251.8952166	251.8952166	0	0	17	1
jobs.theguardian.com	84017	1190.485583	1213.170576	0	0	17	1
jobs.theguardian.com	84049	281.6485868	281.6485868	0	0	17	1
jobs.theguardian.com	8409	78.52893843	78.52893843	0	0	17	1
jobs.theguardian.com	84025	1421.29551	1421.29551	0	0	17	1
jobs.theguardian.com	84035	459.3179354	469.626217	0	0	17	1
jobs.theguardian.com	84033	244.0355999	244.0355999	0	0	17	1
jobs.theguardian.com	8406	6445.083362	6263.357629	0	0	17	1
jobs.theguardian.com	84055	392.7349231	397.9413629	0	0	17	1
jobs.theguardian.com	84010	383.210014	383.210014	0	0	17	1
jobs.theguardian.com	84042	1949.928178	1884.221589	0	0	17	1
jobs.theguardian.com	84030	130.3706747	130.3706747	0	0	17	1
jobs.theguardian.com	84026	1290.858206	1295.933194	0	0	17	1
jobs.theguardian.com	84011	145.3445291	144.4177053	0	0	17	1
jobs.theguardian.com	84027	439.676984	439.676984	0	0	17	1
jobs.theguardian.com	84040	414.2955169	378.6497087	0	0	17	1
jobs.theguardian.com	8408	361.5242973	361.5242973	0	0	17	1
jobs.theguardian.com	84024	152.0514669	160.7404599	0	0	17	1
jobs.theguardian.com	84018	220.0003858	220.0003858	0	0	17	1
jobs.theguardian.com	84034	1863.129457	1727.306932	0	0	17	1
jobs.theguardian.com	8404	245.8333657	245.8333657	0	0	17	1
jobs.theguardian.com	84020	104.1665822	104.1665822	0	0	17	1
jobs.theguardian.com	84036	3537.206474	3432.873101	0	0	17	1
jobs.theguardian.com	84012	2955.802935	2924.136285	0	0	17	1
jobs.theguardian.com	84044	298.1701469	305.691016	0	0	17	1
jobs.theguardian.com	84032	997.6065857	867.4252563	0	0	17	1
jobs.theguardian.com	84016	183.4576823	183.4576823	0	0	17	1
jobs.theguardian.com	84048	2084.961577	1938.365457	0	0	17	1
jobs.theguardian.com	84017	1271.139067	1276.589294	0	0	16	10
jobs.theguardian.com	84013	323.0058928	323.0058928	0	0	16	10
jobs.theguardian.com	84045	301.7321332	282.4372066	0	0	16	10
jobs.theguardian.com	84021	236.677701	236.677701	0	0	16	10
jobs.theguardian.com	84053	595.2092853	595.2092853	0	0	16	10
jobs.theguardian.com	84051	801.8513156	752.8478905	0	0	16	10
jobs.theguardian.com	84041	466.5619129	435.5090945	0	0	16	10
jobs.theguardian.com	84039	977.4576356	1001.090497	0	0	16	10
jobs.theguardian.com	8406	5793.781251	5421.299336	0	0	16	10
jobs.theguardian.com	84025	516.1791823	496.354227	0	0	16	10
jobs.theguardian.com	84029	265.1176258	271.7373653	0	0	16	10
jobs.theguardian.com	84033	674.6879218	674.6879218	0	0	16	10
jobs.theguardian.com	84037	2164.36635	2150.075231	0	0	16	10
jobs.theguardian.com	84042	1671.316577	1451.712893	0	0	16	10
jobs.theguardian.com	84026	437.128388	459.4771603	0	0	16	10
jobs.theguardian.com	84047	323.9500243	316.225999	0	0	16	11
jobs.theguardian.com	84030	179.9140814	179.9140814	0	0	16	10
jobs.theguardian.com	84011	117.8950107	117.8950107	0	0	16	10
jobs.theguardian.com	8408	122.4908427	144.6666966	0	0	16	10
jobs.theguardian.com	84024	849.5789168	615.1011488	0	0	16	10
jobs.theguardian.com	84040	194.3432248	185.0966309	0	0	16	10
jobs.theguardian.com	84018	713.3525136	713.3525136	0	0	16	10
jobs.theguardian.com	84050	120.9042604	90.14910169	0	0	16	10
jobs.theguardian.com	84034	3615.091807	3309.500038	0	0	16	10
jobs.theguardian.com	8404	695.2567357	700.836092	0	0	16	10
jobs.theguardian.com	84036	1947.58941	1873.540601	0	0	16	10
jobs.theguardian.com	84012	2873.335238	2746.46485	0	0	16	10
jobs.theguardian.com	84048	1819.622509	1854.499397	0	0	16	10
jobs.theguardian.com	84031	337.2189244	337.2189244	0	0	17	1
jobs.theguardian.com	84047	313.6145128	323.256625	0	0	17	1
jobs.theguardian.com	84013	905.8234818	908.7424441	0	0	16	12
jobs.theguardian.com	84045	223.0083533	230.7026989	0	0	16	12
jobs.theguardian.com	84017	1744.976412	1744.976412	0	0	16	12
jobs.theguardian.com	84049	232.8103615	240.440834	0	0	16	12
jobs.theguardian.com	84021	257.050742	275.4123235	0	0	16	12
jobs.theguardian.com	84053	796.9969333	796.9969333	0	0	16	12
jobs.theguardian.com	84019	210.7678096	216.1996797	0	0	16	12
jobs.theguardian.com	84051	1150.396259	1159.999449	0	0	16	12
jobs.theguardian.com	84041	686.8225748	670.6293783	0	0	16	12
jobs.theguardian.com	8409	595.025266	595.025266	0	0	16	12
jobs.theguardian.com	84025	753.2018913	747.7702026	0	0	16	12
jobs.theguardian.com	84039	633.6312764	627.022049	0	0	16	12
jobs.theguardian.com	84037	787.8584552	806.3087264	0	0	16	12
jobs.theguardian.com	8406	5663.211596	5351.383567	0	0	16	12
jobs.theguardian.com	84022	633.4463926	633.4463926	0	0	16	12
jobs.theguardian.com	84054	300.6770468	300.6770468	0	0	16	12
jobs.theguardian.com	84029	350.8876756	329.1216558	0	0	16	12
jobs.theguardian.com	84033	177.1532662	177.1532662	0	0	16	12
jobs.theguardian.com	84055	213.2719246	215.3360586	0	0	16	12
jobs.theguardian.com	84010	864.2913528	748.2479126	0	0	16	12
jobs.theguardian.com	84042	495.9858316	498.7078202	0	0	16	12
jobs.theguardian.com	84026	398.0043991	398.0043991	0	0	16	12
jobs.theguardian.com	84011	372.8757215	372.8757215	0	0	16	12
jobs.theguardian.com	84040	238.6046209	238.6046209	0	0	16	12
jobs.theguardian.com	84018	547.3377888	560.911401	0	0	16	12
jobs.theguardian.com	8408	176.8370765	176.8370765	0	0	16	12
jobs.theguardian.com	84024	1270.074542	1270.074542	0	0	16	12
jobs.theguardian.com	84027	376.708713	376.708713	0	0	16	12
jobs.theguardian.com	84034	1630.654132	1469.932344	0	0	16	12
jobs.theguardian.com	84015	168.5248396	168.544418	0	0	16	10
jobs.theguardian.com	84047	141.1771041	141.1771041	0	0	16	10
jobs.theguardian.com	8404	712.2689835	712.2689835	0	0	16	12
jobs.theguardian.com	84036	4544.775966	4390.080943	0	0	16	12
jobs.theguardian.com	84012	617.4494951	620.4655235	0	0	16	12
jobs.theguardian.com	84028	331.1251839	331.1251839	0	0	16	12
jobs.theguardian.com	84016	158.969507	158.969507	0	0	16	12
jobs.theguardian.com	84048	2655.041787	2692.605568	0	0	16	12
jobs.theguardian.com	84032	791.3441756	791.3441756	0	0	16	12
jobs.theguardian.com	84047	168.7627187	168.7627187	0	0	16	12
jobs.theguardian.com	84031	308.0931721	292.4478685	0	0	16	12
jobs.theguardian.com	8401	644.7126679	654.7092822	0	0	17	3
jobs.theguardian.com	84017	3718.284284	3373.635093	0	0	17	3
jobs.theguardian.com	84049	171.0653794	166.6179901	0	0	17	3
jobs.theguardian.com	84013	1799.126442	1795.320117	0	0	17	3
jobs.theguardian.com	84045	200.5315515	200.5315515	0	0	17	3
jobs.theguardian.com	84051	1258.883934	1264.753209	0	0	17	3
jobs.theguardian.com	8405	294.8433253	273.8313651	0	0	17	3
jobs.theguardian.com	84053	996.9683995	1056.344157	0	0	17	3
jobs.theguardian.com	84041	293.6589722	295.1663265	0	0	17	3
jobs.theguardian.com	84039	899.117751	919.4979329	0	0	17	3
jobs.theguardian.com	84037	4076.685533	3206.906521	0	0	17	3
jobs.theguardian.com	8409	754.7978359	754.7978359	0	0	17	3
jobs.theguardian.com	84025	1731.676806	1711.281011	0	0	17	3
jobs.theguardian.com	84033	347.6610975	367.7728516	0	0	17	3
jobs.theguardian.com	84029	872.8529163	872.8529163	0	0	17	3
jobs.theguardian.com	84055	442.3467724	452.3649087	0	0	17	3
jobs.theguardian.com	84046	387.7866324	221.5922983	0	0	17	3
jobs.theguardian.com	84010	156.6282816	161.5522924	0	0	17	3
jobs.theguardian.com	84042	2565.447289	2551.368531	0	0	17	3
jobs.theguardian.com	8406	5958.184951	5488.211855	0	0	17	3
jobs.theguardian.com	84026	1967.749402	1981.046088	0	0	17	3
jobs.theguardian.com	84011	352.8541036	348.0240121	0	0	17	3
jobs.theguardian.com	84040	275.9826256	275.9826256	0	0	17	3
jobs.theguardian.com	84034	2401.411147	2172.095859	0	0	17	3
jobs.theguardian.com	8402	313.631217	313.631217	0	0	17	3
jobs.theguardian.com	84018	868.9180339	852.8344523	0	0	17	3
jobs.theguardian.com	8408	1028.297926	1010.975242	0	0	17	3
jobs.theguardian.com	84024	694.4455878	531.0163015	0	0	17	3
jobs.theguardian.com	84056	269.3698397	269.3698397	0	0	17	3
jobs.theguardian.com	84027	731.3998177	741.0860555	0	0	17	3
jobs.theguardian.com	8404	591.6995226	580.6254189	0	0	17	3
jobs.theguardian.com	84020	233.0295529	233.0295529	0	0	17	3
jobs.theguardian.com	84036	4285.379765	3970.831235	0	0	17	3
jobs.theguardian.com	84012	1736.171598	1748.661499	0	0	17	3
jobs.theguardian.com	84048	3279.6269	3118.958858	0	0	17	3
jobs.theguardian.com	84032	1702.746369	1378.049826	0	0	17	3
jobs.theguardian.com	84013	2605.285246	2594.303354	0	0	17	2
jobs.theguardian.com	84045	575.5759653	563.6257528	0	0	17	2
jobs.theguardian.com	8401	294.1808055	301.9891355	0	0	17	2
jobs.theguardian.com	84017	2827.966478	2698.938669	0	0	17	2
jobs.theguardian.com	84049	907.667632	888.5535221	0	0	17	2
jobs.theguardian.com	84041	266.2889735	274.1939458	0	0	17	2
jobs.theguardian.com	84051	947.7955758	927.9877525	0	0	17	2
jobs.theguardian.com	84021	645.3016417	645.3016417	0	0	17	2
jobs.theguardian.com	84053	1265.113517	1104.656176	0	0	17	2
jobs.theguardian.com	84039	1143.465276	1121.212184	0	0	17	2
jobs.theguardian.com	84029	234.9012764	222.9790813	0	0	17	2
jobs.theguardian.com	84033	205.8858436	195.4362997	0	0	17	2
jobs.theguardian.com	84037	1052.623863	1043.161312	0	0	17	2
jobs.theguardian.com	8409	588.1603871	573.8535452	0	0	17	2
jobs.theguardian.com	84025	635.1383982	479.2701084	0	0	17	2
jobs.theguardian.com	84010	201.8691065	201.8691065	0	0	17	2
jobs.theguardian.com	84042	779.0105242	781.0245791	0	0	17	2
jobs.theguardian.com	84055	967.722385	948.0116529	0	0	17	2
jobs.theguardian.com	84038	257.1245805	257.1245805	0	0	17	2
jobs.theguardian.com	8406	9364.183121	8766.057288	0	0	17	2
jobs.theguardian.com	84022	296.4306498	304.2986966	0	0	17	2
jobs.theguardian.com	84026	1652.663553	1457.304353	0	0	17	2
jobs.theguardian.com	84011	93.61184584	93.61184584	0	0	17	2
jobs.theguardian.com	84018	454.4975415	415.9308866	0	0	17	2
jobs.theguardian.com	84027	836.2583725	702.5075127	0	0	17	2
jobs.theguardian.com	8408	783.9799614	783.9799614	0	0	17	2
jobs.theguardian.com	84024	136.7066022	136.7066022	0	0	17	2
jobs.theguardian.com	84056	203.7656234	203.7656234	0	0	17	2
jobs.theguardian.com	84034	2145.895988	2119.439192	0	0	17	2
jobs.theguardian.com	84031	188.6915864	188.6915864	0	0	17	3
jobs.theguardian.com	84047	232.2515034	256.337714	0	0	17	3
jobs.theguardian.com	8404	538.4728362	535.1616456	0	0	17	2
jobs.theguardian.com	84036	4414.864769	4106.077482	0	0	17	2
jobs.theguardian.com	84012	1601.423401	1635.120263	0	0	17	2
jobs.theguardian.com	84044	179.4604527	179.4604527	0	0	17	2
jobs.theguardian.com	84028	303.1205544	303.1205544	0	0	17	2
jobs.theguardian.com	84048	1899.813762	1870.799363	0	0	17	2
jobs.theguardian.com	84032	1883.250176	1416.879844	0	0	17	2
jobs.theguardian.com	84031	172.8242999	183.6701005	0	0	17	2
jobs.theguardian.com	84015	183.4651462	170.8238032	0	0	17	2
jobs.theguardian.com	84047	555.5727274	537.9711527	0	0	17	2
jobs.theguardian.com	84017	1862.401673	1611.810025	0	0	17	5
jobs.theguardian.com	84049	52.66505157	52.66505157	0	0	17	5
jobs.theguardian.com	84013	1824.729422	1689.317683	0	0	17	5
jobs.theguardian.com	84019	262.3396807	262.3396807	0	0	17	5
jobs.theguardian.com	84051	1075.859866	1049.834846	0	0	17	5
jobs.theguardian.com	84041	125.9560752	137.4208938	0	0	17	5
jobs.theguardian.com	84053	658.9064278	657.416646	0	0	17	5
jobs.theguardian.com	84039	568.2137627	568.2137627	0	0	17	5
jobs.theguardian.com	84038	241.3291959	230.8403108	0	0	17	5
jobs.theguardian.com	84035	412.8954618	412.8954618	0	0	17	5
jobs.theguardian.com	8409	607.5975502	591.9243325	0	0	17	5
jobs.theguardian.com	84025	678.4918872	671.786534	0	0	17	5
jobs.theguardian.com	84037	939.9560992	958.0686292	0	0	17	5
jobs.theguardian.com	84023	421.595237	419.418793	0	0	17	5
jobs.theguardian.com	84055	861.6855205	861.6855205	0	0	17	5
jobs.theguardian.com	84022	491.3105463	491.3105463	0	0	17	5
jobs.theguardian.com	84010	185.6336787	185.6336787	0	0	17	5
jobs.theguardian.com	84042	606.8445648	437.7866923	0	0	17	5
jobs.theguardian.com	84026	616.1917064	616.1917064	0	0	17	5
jobs.theguardian.com	84030	375.5732891	375.5732891	0	0	17	5
jobs.theguardian.com	8408	312.0821055	329.7181994	0	0	17	5
jobs.theguardian.com	84024	522.9914876	540.1842644	0	0	17	5
jobs.theguardian.com	84027	1424.936806	1254.084828	0	0	17	5
jobs.theguardian.com	84034	1880.486168	1533.035401	0	0	17	5
jobs.theguardian.com	84036	6352.469917	6022.177849	0	0	17	5
jobs.theguardian.com	84012	2631.627133	2628.151886	0	0	17	5
jobs.theguardian.com	84044	397.6601533	414.4093125	0	0	17	5
jobs.theguardian.com	84028	434.4927362	434.4927362	0	0	17	5
jobs.theguardian.com	84048	2347.645362	2368.586565	0	0	17	5
jobs.theguardian.com	84032	385.0198167	385.0198167	0	0	17	5
jobs.theguardian.com	84047	726.4218018	754.3217658	0	0	17	5
jobs.theguardian.com	84045	491.0051445	491.0051445	0	0	17	4
jobs.theguardian.com	84049	443.8188361	488.0344577	0	0	17	4
jobs.theguardian.com	84051	2135.580383	2177.277989	0	0	17	4
jobs.theguardian.com	84053	1772.524601	1634.967995	0	0	17	4
jobs.theguardian.com	84041	137.0344649	129.8638138	0	0	17	4
jobs.theguardian.com	84039	1601.676141	1321.37182	0	0	17	4
jobs.theguardian.com	84025	755.7941809	789.1862323	0	0	17	4
jobs.theguardian.com	84037	683.0883369	667.3984482	0	0	17	4
jobs.theguardian.com	84042	1584.13094	1690.324586	0	0	17	4
jobs.theguardian.com	84029	1052.986747	1082.84976	0	0	17	4
jobs.theguardian.com	84035	841.617977	881.7709373	0	0	17	4
jobs.theguardian.com	84055	317.6810898	317.6810898	0	0	17	4
jobs.theguardian.com	84054	316.9119843	316.9119843	0	0	17	4
jobs.theguardian.com	84026	1159.564412	909.2674364	0	0	17	4
jobs.theguardian.com	84040	308.7322155	308.7322155	0	0	17	4
jobs.theguardian.com	84050	328.246343	328.246343	0	0	17	4
jobs.theguardian.com	84034	1920.38286	1842.057281	0	0	17	4
jobs.theguardian.com	84027	570.1652631	594.0313806	0	0	17	4
jobs.theguardian.com	84036	3075.237774	3039.03046	0	0	17	4
jobs.theguardian.com	84044	177.3860401	177.3860401	0	0	17	4
jobs.theguardian.com	84048	2346.866934	2379.133324	0	0	17	4
jobs.theguardian.com	0	1404285	0	1195091	0	16	10
jobs.theguardian.com	0	1259951	0	1086259	0	16	11
jobs.theguardian.com	0	1043367	0	882743	0	16	12
jobs.theguardian.com	0	1427837	0	1393499	0	17	1
jobs.theguardian.com	0	1257224	0	1227155	0	17	2
jobs.theguardian.com	0	1356904	0	1271551	0	17	3
jobs.theguardian.com	0	1032051	0	1080470	0	17	4
jobs.theguardian.com	0	1092248	0	1129562	0	17	5
